﻿<?xml version="1.0" encoding="utf-8" ?>
<Defs>

  <StatDef>
    <defName>OffendGuestChance</defName>
	<workerClass>Hospitality.StatWorker_OffendGuestChance</workerClass>
    <label>offend guest chance</label>
    <description>Base chance this person will offend a guest when interacting.</description>
    <category>PawnSocial</category>
    <defaultBaseValue>0.8</defaultBaseValue>
    <minValue>0.01</minValue>
    <maxValue>1.00</maxValue>
    <toStringStyle>PercentTwo</toStringStyle>
    <skillNeedFactors>
      <li Class="SkillNeed_BaseBonus">
        <skill>Social</skill>
        <baseFactor>1.0</baseFactor>
        <bonusFactor>0.0125</bonusFactor>
      </li>
    </skillNeedFactors>
    <capacityFactors>
      <li>
        <capacity>Talking</capacity>
        <weight>0.5</weight>
      </li>
    </capacityFactors>
  </StatDef>
  
  <StatDef>
    <defName>RecruitRelationshipDamage</defName>
	<workerClass>Hospitality.StatWorker_RelationshipDamage</workerClass>
	<label>recruit relationship damage</label>
    <description>The damage done to the relationship with the faction of this person when successfully recruiting.</description>
    <category>PawnSocial</category>
    <toStringStyle>FloatZero</toStringStyle>
    <roundToFiveOver>10</roundToFiveOver>
    <defaultBaseValue>60</defaultBaseValue>
  </StatDef>

  <StatDef>
    <defName>RecruitEffectivity</defName>
	<workerClass>Hospitality.StatWorker_RecruitEffectivity</workerClass>
	<label>recruit effectiveness factor</label>
    <description>The effectiveness when trying to charm visitors to join your faction.</description>
    <category>PawnSocial</category>
    <toStringStyle>FloatZero</toStringStyle>
    <defaultBaseValue>1.0</defaultBaseValue>
  </StatDef>

</Defs>