﻿<?xml version="1.0" encoding="utf-8" ?>
<ThingDefs>

	<ThingDef Name="ApparelBase" Abstract="True">
		<thingClass>Apparel</thingClass>
		<category>Item</category>
		<selectable>True</selectable>
		<pathCost>10</pathCost>
		<useHitPoints>True</useHitPoints>
		<graphicOnGroundRandomRotateAngle>35</graphicOnGroundRandomRotateAngle>
		<drawGUIOverlay>true</drawGUIOverlay>
		<statBases>
			<MaxHitPoints>100</MaxHitPoints>
			<Flammability>1.0</Flammability>
			<DeteriorationRate>1</DeteriorationRate>
			<SellPriceFactor>0.5</SellPriceFactor>
		</statBases>
		<altitudeLayer>Item</altitudeLayer>
		<alwaysHaulable>True</alwaysHaulable>
		<tickerType>Never</tickerType>
		<thingCategories>
			<li>Headgear</li>
		</thingCategories>
		<comps>
			<li>
				<compClass>CompForbiddable</compClass>
			</li>
			<li>
				<compClass>CompColorable</compClass>
			</li>
			<li>
				<compClass>CompQuality</compClass>
			</li>
		</comps>
	</ThingDef>

	<ThingDef Name="ApparelMakeableBase" ParentName="ApparelBase" Abstract="True">
		<recipeMaker>
			<workSpeedStat>TailoringSpeed</workSpeedStat>
			<workSkill>Crafting</workSkill>
			<effectWorking>Tailor</effectWorking>
			<soundWorking>Recipe_Tailor</soundWorking>
			<recipeUsers>
				<li>TableTailor</li>
			</recipeUsers>
			<unfinishedThingDef>UnfinishedApparel</unfinishedThingDef>
		</recipeMaker>
	</ThingDef>

	<ThingDef ParentName="ApparelBase">
		<defName>Apparel_MilitaryHelmet</defName>
		<label>military helmet</label>
		<description>Old-looking and heavy, but effective. Protects against low-velocity projectiles, shrapnel, falling debris, and cuts to the head.</description>
		<graphicPath>Things/Pawn/Humanlike/Apparel/MilitaryHelmet/MilitaryHelmet</graphicPath>
		<graphicClass>Graphic_Single</graphicClass>
		<costStuffCount>40</costStuffCount>
		<stuffCategories>
			<li>Metallic</li>
		</stuffCategories>
		<statBases>
			<MaxHitPoints>100</MaxHitPoints>
			<WorkToMake>1200</WorkToMake>
			<ArmorRating_Blunt>0.1</ArmorRating_Blunt>
			<ArmorRating_Sharp>0.25</ArmorRating_Sharp>
		</statBases>
		<recipeMaker>
			<workSpeedStat>SmithingSpeed</workSpeedStat>
			<workSkill>Crafting</workSkill>
			<effectWorking>Smith</effectWorking>
			<soundWorking>Recipe_Smith</soundWorking>
			<recipeUsers>
				<li>TableSmithing</li>
			</recipeUsers>
			<unfinishedThingDef>UnfinishedApparel</unfinishedThingDef>
		</recipeMaker>
		<equippedStatOffsets>
			<MoveSpeed>-0.04</MoveSpeed>
			<PsychicSensitivity>-0.10</PsychicSensitivity>
		</equippedStatOffsets>
		<apparel>
			<bodyPartGroups>
				<li>UpperHead</li>
			</bodyPartGroups>
			<worngraphicPath>Things/Pawn/Humanlike/Apparel/MilitaryHelmet/MilitaryHelmet</worngraphicPath>
			<layers>
				<li>Overhead</li>
			</layers>
			<commonality>1</commonality>
			<tags>
				<li>Military</li>
			</tags>
			<defaultOutfitTags>
				<li>Soldier</li>
			</defaultOutfitTags>
		</apparel>
	</ThingDef>
	
	<ThingDef ParentName="ApparelBase">
		<defName>Apparel_KevlarHelmet</defName>
		<label>kevlar helmet</label>
		<description>A lightweight combat helmet.</description>
		<graphicPath>Things/Pawn/Humanlike/Apparel/KevlarHelmet/KevlarHelmet</graphicPath>
		<graphicClass>Graphic_Single</graphicClass>
		<statBases>
			<MaxHitPoints>120</MaxHitPoints>
			<MarketValue>300</MarketValue>
			<WorkToMake>2000</WorkToMake>
			<ArmorRating_Blunt>0.1</ArmorRating_Blunt>
			<ArmorRating_Sharp>0.35</ArmorRating_Sharp>
		</statBases>
		<costList>
			<SteelBar>40</SteelBar>
			<PlasteelBar>20</PlasteelBar>
		</costList>
		<recipeMaker>
			<skillRequirements>
				<li>
					<skill>Crafting</skill>
					<minLevel>6</minLevel>
				</li>
			</skillRequirements>
			<workSpeedStat>SmithingSpeed</workSpeedStat>
			<workSkill>Crafting</workSkill>
			<effectWorking>Smith</effectWorking>
			<soundWorking>Recipe_Smith</soundWorking>
			<recipeUsers>
				<li>TableSmithing</li>
			</recipeUsers>
			<unfinishedThingDef>UnfinishedWeapon</unfinishedThingDef>
		</recipeMaker>
		<equippedStatOffsets>
			<MoveSpeed>-0.02</MoveSpeed>
		</equippedStatOffsets>
		<apparel>
			<bodyPartGroups>
				<li>UpperHead</li>
			</bodyPartGroups>
			<worngraphicPath>Things/Pawn/Humanlike/Apparel/KevlarHelmet/KevlarHelmet</worngraphicPath>
			<layers>
				<li>Overhead</li>
			</layers>
			<commonality>1</commonality>
			<tags>
				<li>Military</li>
			</tags>
			<defaultOutfitTags>
				<li>Soldier</li>
			</defaultOutfitTags>
		</apparel>
		<colorGenerator Class="ColorGenerator_Options">
			<options>
				<li>
					<weight>10</weight>
					<only>RGBA(0.33,0.33,0.33,1)</only>
				</li>
				<li>
					<weight>10</weight>
					<only>RGBA(0.65,0.65,0.65,1)</only>
				</li>
				<li>
					<weight>6</weight>
					<min>RGBA(0.3,0.3,0.3,1)</min>
					<max>RGBA(0.5,0.5,0.5,1)</max>
				</li>
				<li>
					<weight>10</weight>
					<only>RGBA(0.9,0.9,0.9,1)</only>
				</li>
			</options>
		</colorGenerator>
	</ThingDef>

	<ThingDef ParentName="ApparelBase">
		<defName>Apparel_PowerArmorHelmet</defName>
		<label>power armor helmet</label>
		<description>A part of power armor set, mostly used by heavy infantry.</description>
		<graphicPath>Things/Pawn/Humanlike/Apparel/PowerArmorHelmet/PowerArmorHelmet</graphicPath>
		<graphicClass>Graphic_Single</graphicClass>
		<statBases>
			<MaxHitPoints>180</MaxHitPoints>
			<MarketValue>2000</MarketValue>
			<WorkToMake>3000</WorkToMake>
			<ArmorRating_Blunt>0.35</ArmorRating_Blunt>
			<ArmorRating_Sharp>0.6</ArmorRating_Sharp>
			<ArmorRating_Heat>0.5</ArmorRating_Heat>
			<ArmorRating_Electric>0</ArmorRating_Electric>
			<Insulation_Cold>-3</Insulation_Cold>
			<Insulation_Heat>3</Insulation_Heat>
		</statBases>
		<costList>
			<SteelBar>50</SteelBar>
			<PlasteelBar>40</PlasteelBar>
			<Electronics>5</Electronics>
			<Uranium>5</Uranium>
		</costList>
		<recipeMaker>
			<skillRequirements>
				<li>
					<skill>Crafting</skill>
					<minLevel>6</minLevel>
				</li>
			</skillRequirements>
			<workSpeedStat>SmithingSpeed</workSpeedStat>
			<workSkill>Crafting</workSkill>
			<effectWorking>Smith</effectWorking>
			<soundWorking>Recipe_Smith</soundWorking>
			<recipeUsers>
				<li>TableSmithing</li>
			</recipeUsers>
			<unfinishedThingDef>UnfinishedWeapon</unfinishedThingDef>
		</recipeMaker>
		<equippedStatOffsets>
			<MoveSpeed>-0.04</MoveSpeed>
		</equippedStatOffsets>
		<apparel>
			<bodyPartGroups>
				<li>FullHead</li>
			</bodyPartGroups>
			<worngraphicPath>Things/Pawn/Humanlike/Apparel/PowerArmorHelmet/PowerArmorHelmet</worngraphicPath>
			<layers>
				<li>Overhead</li>
			</layers>
			<commonality>2</commonality>
			<tags>
				<li>Military</li>
			</tags>
			<defaultOutfitTags>
				<li>Soldier</li>
			</defaultOutfitTags>
		</apparel>
		<colorGenerator Class="ColorGenerator_Options">
			<options>
				<li>
					<weight>10</weight>
					<only>RGBA(0.33,0.33,0.33,1)</only>
				</li>
				<li>
					<weight>10</weight>
					<only>RGBA(0.65,0.65,0.65,1)</only>
				</li>
				<li>
					<weight>6</weight>
					<min>RGBA(0.3,0.3,0.3,1)</min>
					<max>RGBA(0.5,0.5,0.5,1)</max>
				</li>
				<li>
					<weight>10</weight>
					<only>RGBA(0.9,0.9,0.9,1)</only>
				</li>
			</options>
		</colorGenerator>
	</ThingDef>


</ThingDefs>