﻿<?xml version="1.0" encoding="utf-8" ?>
<Defs>
  
	<ThingDef Name="BuildingBase" Abstract="True">
		<category>Building</category>
		<soundImpactDefault>BulletImpactMetal</soundImpactDefault>
		<selectable>true</selectable>
		<drawerType>MapMeshAndRealTime</drawerType>
		<terrainAffordanceNeeded>Light</terrainAffordanceNeeded>
		<repairEffect>Repair</repairEffect>
		<leaveResourcesWhenKilled>true</leaveResourcesWhenKilled>
		<filthLeaving>BuildingRubble</filthLeaving>
	</ThingDef>


	<ThingDef ParentName="BuildingBase">
		<defName>Campfire</defName>
		<label>campfire</label>
		<description>A temporary heat source which burns for a few days. It may be used to cook simple meals anywhere, but as with all heat sources, it must be placed indoors so it has a closed space to heat.</description>    
		<thingClass>Building_Campfire</thingClass>
		<category>Building</category>
		<graphicPath>Things/Building/Misc/Campfire</graphicPath>
		<graphicClass>Graphic_Single</graphicClass>
		<altitudeLayer>FloorEmplacement</altitudeLayer>
		<passability>PassThroughOnly</passability>
		<pathCost>50</pathCost>
		<constructEffect>ConstructDirt</constructEffect>
		<tickerType>Normal</tickerType>
		<drawerType>RealtimeOnly</drawerType>
		<statBases>
			<MaxHitPoints>80</MaxHitPoints>
			<WorkToMake>200</WorkToMake>
			<Flammability>0</Flammability>
		</statBases>
		<selectable>true</selectable>
		<size>(1,1)</size>
		<costList>
			<WoodLog>35</WoodLog>
		</costList>
		<soundImpactDefault>BulletImpactGround</soundImpactDefault>
		<leaveResourcesWhenKilled>false</leaveResourcesWhenKilled>
		<placeWorkers>
			<li>PlaceWorker_Heater</li>
		</placeWorkers>
		<drawPlaceWorkersWhileSelected>true</drawPlaceWorkersWhileSelected>
		<comps>
			<li>
				<compClass>CompGlower</compClass>
				<glowRadius>10</glowRadius>
				<glowColor>(252,187,113,0)</glowColor>
			</li>
			<li>
				<compClass>CompHeatPusher</compClass>
				<heatPerSecond>21</heatPerSecond>
				<heatPushMaxTemperature>28</heatPushMaxTemperature>
			</li>
			<li>
				<compClass>CompGatherSpot</compClass>
			</li>
			<li>
				<compClass>CompLifespan</compClass>
				<lifespanTicks>60000</lifespanTicks>
			</li>
		</comps>
		<designationCategory>Temperature</designationCategory>
		<rotatable>true</rotatable>
		<designationHotKey>I</designationHotKey>
		<hasInteractionCell>True</hasInteractionCell>
		<interactionCellOffset>(0,0,-1)</interactionCellOffset>
		<inspectorTabs>
			<li>ITab_Bills</li>
		</inspectorTabs>
		<building>
			<spawnedConceptLearnOpportunity>BillsTab</spawnedConceptLearnOpportunity>
			<deconstructible>false</deconstructible>
		</building>
	</ThingDef>


	<ThingDef ParentName="BuildingBase">
		<defName>Heater</defName>
		<label>heater</label>
		<thingClass>Building_Heater</thingClass>
		<graphicPath>Things/Building/Misc/TempControl/Heater</graphicPath>
		<graphicClass>Graphic_Single</graphicClass>
		<altitudeLayer>BuildingTall</altitudeLayer>
		<passability>PassThroughOnly</passability>
		<pathCost>40</pathCost>
		<castEdgeShadows>false</castEdgeShadows>
		<rotatable>false</rotatable>
		<fillPercent>0.4</fillPercent>
		<statBases>
			<WorkToMake>1875</WorkToMake>
			<MaxHitPoints>100</MaxHitPoints>
			<Flammability>1.0</Flammability>
		</statBases>
		<tickerType>Rare</tickerType>
		<description>An electrical device that converts electricity into heat. It can automatically turn itself on or off to reach a specific target temperature.</description>
		<size>(1,1)</size>
		<costList>
			<SteelBar>75</SteelBar>
		</costList>
		<terrainAffordanceNeeded>Heavy</terrainAffordanceNeeded>
		<placeWorkers>
			<li>PlaceWorker_Heater</li>
		</placeWorkers>
		<drawPlaceWorkersWhileSelected>true</drawPlaceWorkersWhileSelected>
		<comps>
			<li>
				<compClass>CompPowerTrader</compClass>
				<startElectricalFires>true</startElectricalFires>
				<soundPowerOn>PowerOnSmall</soundPowerOn>
				<soundPowerOff>PowerOffSmall</soundPowerOff>
				<basePowerConsumption>100</basePowerConsumption>
			</li>
			<li>
				<compClass>CompTempControl</compClass>
				<energyPerSecond>21</energyPerSecond>
			</li>
			<li>
				<compClass>CompGlower</compClass>
				<glowRadius>3</glowRadius>
				<glowColor>(255,150,100,0)</glowColor>
			</li>
		</comps>
		<designationCategory>Temperature</designationCategory>
		<graphicSunShadowInfo>
			<basewidth>0.5</basewidth>
			<baseHeight>0.5</baseHeight>
			<tallness>1.0</tallness>
		</graphicSunShadowInfo>
		<researchPrerequisite>PowerI</researchPrerequisite>
	</ThingDef>
	
	
	<ThingDef ParentName="BuildingBase">
		<defName>IndustrialHeater</defName>
		<label>industrial heater</label>
		<thingClass>Building_Heater</thingClass>
		<graphicPath>Things/Building/SCTemperature/IndustrialHeater</graphicPath>
		<graphicClass>Graphic_Single</graphicClass>
		<altitudeLayer>BuildingTall</altitudeLayer>
		<passability>PassThroughOnly</passability>
		<pathCost>40</pathCost>
		<castEdgeShadows>false</castEdgeShadows>
		<rotatable>false</rotatable>
		<fillPercent>0.4</fillPercent>
		<statBases>
			<WorkToMake>1875</WorkToMake>
			<MaxHitPoints>100</MaxHitPoints>
			<Flammability>1.0</Flammability>
		</statBases>
		<tickerType>Rare</tickerType>
		<description>An electrical device that converts electricity into heat. It can automatically turn itself on or off to reach a specific target temperature.</description>
		<size>(2,2)</size>
		<costList>
			<SteelBar>225</SteelBar>
		</costList>
		<terrainAffordanceNeeded>Heavy</terrainAffordanceNeeded>
		<placeWorkers>
			<li>PlaceWorker_Heater</li>
		</placeWorkers>
		<drawPlaceWorkersWhileSelected>true</drawPlaceWorkersWhileSelected>
		<comps>
			<li>
				<compClass>CompPowerTrader</compClass>
				<startElectricalFires>true</startElectricalFires>
				<soundPowerOn>PowerOnSmall</soundPowerOn>
				<soundPowerOff>PowerOffSmall</soundPowerOff>
				<basePowerConsumption>250</basePowerConsumption>
			</li>
			<li>
				<compClass>CompTempControl</compClass>
				<energyPerSecond>125</energyPerSecond>
			</li>
			<li>
				<compClass>CompGlower</compClass>
				<glowRadius>4</glowRadius>
				<glowColor>(255,150,100,0)</glowColor>
			</li>
		</comps>
		<designationCategory>Temperature</designationCategory>
		<graphicSunShadowInfo>
			<basewidth>0.5</basewidth>
			<baseHeight>0.5</baseHeight>
			<tallness>1.0</tallness>
		</graphicSunShadowInfo>
		<researchPrerequisite>ConstructionII</researchPrerequisite>
	</ThingDef>

  
	<ThingDef ParentName="BuildingBase">
		<defName>Cooler</defName>
		<label>cooler</label>
		<thingClass>Building_Cooler</thingClass>
		<graphicPath>Things/Building/Misc/TempControl/Cooler</graphicPath>
		<graphicClass>Graphic_Multi</graphicClass>
		<altitudeLayer>BuildingTall</altitudeLayer>
		<passability>Impassable</passability>
		<castEdgeShadows>true</castEdgeShadows>
		<fillPercent>1</fillPercent>
		<statBases>
			<WorkToMake>2500</WorkToMake>
			<MaxHitPoints>100</MaxHitPoints>
			<Flammability>1.0</Flammability>
		</statBases>
		<tickerType>Rare</tickerType>
		<description>An electrical device that fits into a wall and pushes cold air into a room. Its exhaust port generates a lot of heat. Can be used to cool down rooms during the summer months, or to create a walk-in freezer. </description>
		<size>(1,1)</size>
		<costList>
			<SteelBar>100</SteelBar>
		</costList>
		<terrainAffordanceNeeded>Heavy</terrainAffordanceNeeded>
		<placeWorkers>
			<li>PlaceWorker_Cooler</li>
		</placeWorkers>
		<drawPlaceWorkersWhileSelected>true</drawPlaceWorkersWhileSelected>
		<building>
			<canPlaceOverWall>true</canPlaceOverWall>
		</building>
		<comps>
			<li>
				<compClass>CompPowerTrader</compClass>
				<soundPowerOn>PowerOnSmall</soundPowerOn>
				<soundPowerOff>PowerOffSmall</soundPowerOff>
				<basePowerConsumption>150</basePowerConsumption>
			</li>
			<li>
				<compClass>CompTempControl</compClass>
				<energyPerSecond>-21</energyPerSecond>
			</li>
		</comps>
		<designationCategory>Temperature</designationCategory>
		<researchPrerequisite>PowerI</researchPrerequisite>
	</ThingDef>
	
	
	<ThingDef ParentName="BuildingBase">
		<defName>IndustrialCooler</defName>
		<label>industrial cooler</label>
		<thingClass>Building_Cooler</thingClass>
		<graphicPath>Things/Building/SCTemperature/IndustrialCooler</graphicPath>
		<graphicClass>Graphic_Multi</graphicClass>
		<altitudeLayer>BuildingTall</altitudeLayer>
		<passability>Impassable</passability>
		<castEdgeShadows>true</castEdgeShadows>
		<fillPercent>1</fillPercent>
		<statBases>
			<WorkToMake>6250</WorkToMake>
			<MaxHitPoints>100</MaxHitPoints>
			<Flammability>1.0</Flammability>
		</statBases>
		<tickerType>Rare</tickerType>
		<description>An electrical device that fits into a wall and pushes cold air into a room. Its exhaust port generates a lot of heat. Can be used to cool down rooms during the summer months, or to create a walk-in freezer. </description>
		<size>(3,1)</size>
		<costList>
			<SteelBar>250</SteelBar>
		</costList>
		<terrainAffordanceNeeded>Heavy</terrainAffordanceNeeded>
		<placeWorkers>
			<li>PlaceWorker_Cooler</li>
		</placeWorkers>
		<drawPlaceWorkersWhileSelected>true</drawPlaceWorkersWhileSelected>
		<building>
			<canPlaceOverWall>true</canPlaceOverWall>
		</building>
		<comps>
			<li>
				<compClass>CompPowerTrader</compClass>
				<soundPowerOn>PowerOnSmall</soundPowerOn>
				<soundPowerOff>PowerOffSmall</soundPowerOff>
				<basePowerConsumption>350</basePowerConsumption>
			</li>
			<li>
				<compClass>CompTempControl</compClass>
				<energyPerSecond>-125</energyPerSecond>
			</li>
		</comps>
		<designationCategory>Temperature</designationCategory>
		<researchPrerequisite>ConstructionII</researchPrerequisite>
	</ThingDef>


	<ThingDef ParentName="BuildingBase">
		<defName>Vent</defName>
		<label>vent</label>
		<thingClass>Building_Vent</thingClass>
		<graphicPath>Things/Building/Misc/TempControl/Vent</graphicPath>
		<graphicClass>Graphic_Multi</graphicClass>
		<altitudeLayer>BuildingTall</altitudeLayer>
		<passability>Impassable</passability>
		<castEdgeShadows>true</castEdgeShadows>
		<fillPercent>1</fillPercent>
		<statBases>
			<WorkToMake>400</WorkToMake>
			<MaxHitPoints>100</MaxHitPoints>
			<Flammability>1.0</Flammability>
		</statBases>
		<tickerType>Rare</tickerType>
		<description>A simple vent for equalizing the temperature between two rooms without allowing people to walk between them.</description>
		<size>(1,1)</size>
		<costList>
			<SteelBar>30</SteelBar>
		</costList>
		<terrainAffordanceNeeded>Heavy</terrainAffordanceNeeded>
		<placeWorkers>
			<li>PlaceWorker_Vent</li>
		</placeWorkers>
		<drawPlaceWorkersWhileSelected>true</drawPlaceWorkersWhileSelected>
		<building>
			<canPlaceOverWall>true</canPlaceOverWall>
		</building>
		<designationCategory>Temperature</designationCategory>
		<researchPrerequisite>PowerI</researchPrerequisite>
	</ThingDef>
	
	
</Defs>