﻿<?xml version="1.0" encoding="utf-8" ?>
<ThingDefs>



	<ThingDef Name="BuildingBase" Abstract="True">
		<category>Building</category>
		<soundImpactDefault>BulletImpactMetal</soundImpactDefault>
		<selectable>true</selectable>
		<drawerType>MapMeshAndRealTime</drawerType>
		<terrainAffordanceNeeded>Light</terrainAffordanceNeeded>
		<repairEffect>Repair</repairEffect>
		<leaveResourcesWhenKilled>true</leaveResourcesWhenKilled>
		<filthLeaving>BuildingRubble</filthLeaving>
	</ThingDef>


	<!--=============== Basic Work tables (No research required) ====================-->
	
	
	<ThingDef ParentName="BuildingBase">
		<defName>TableSawmillHand</defName>
		<label>hand sawmill</label>
		<ThingClass>Building_WorkTable</ThingClass>
		<Description>A small muscle-powered hand saw for cutting logs into wood planks.</Description>
		<graphicPath>Things/Building/SCProduction/TableHandsaw3x1</graphicPath>
		<graphicClass>Graphic_Single</graphicClass>
		<constructEffect>ConstructWood</constructEffect>
			<CostList>
				<WoodLog>50</WoodLog>
				<Steel>10</Steel>
			</CostList>
		<AltitudeLayer>Waist</AltitudeLayer>
		<fillPercent>0.5</fillPercent>
		<useHitPoints>True</useHitPoints>
		<statBases>
			<WorkToMake>1500</WorkToMake>
			<MaxHitPoints>120</MaxHitPoints>
			<Flammability>1.0</Flammability>
		</statBases>
		<Size>(3,1)</Size>
		<graphicOverdraw>False</graphicOverdraw>
		<DesignationCategory>Production</DesignationCategory>
		<Passability>Impassable</Passability>
		<hasInteractionCell>True</hasInteractionCell>
		<interactionCellOffset>(0,0,-1)</interactionCellOffset>
		<itemSurface>False</itemSurface>
		<recipes>
			<li>MakeWoodPlanks_Hand</li>
			<li>MakeKindling_Hand</li>
		</recipes>
		<inspectorTabs>
			<li>ITab_Bills</li>
		</inspectorTabs>
		<building>
			<spawnedConceptLearnOpportunity>BillsTab</spawnedConceptLearnOpportunity>
		</building>
	</ThingDef>

	
	<ThingDef ParentName="BuildingBase">
		<DefName>TableStonecutter</DefName>
		<label>craftsman's table</label>
		<ThingClass>Building_WorkTable_HeatPush</ThingClass>
		<Description>A work table equipped to cut rough stone into usable blocks and grind stone to sand.</Description>
		<graphicPath>Things/Building/SCProduction/TableWorkbench3x1</graphicPath>
		<graphicClass>Graphic_Single</graphicClass>
		<constructEffect>ConstructMetal</constructEffect>
		<CostList>
			<WoodLog>30</WoodLog>
			<Steel>30</Steel>
		</CostList>
		<AltitudeLayer>Waist</AltitudeLayer>
		<fillPercent>0.5</fillPercent>
		<useHitPoints>True</useHitPoints>
		<statBases>
			<WorkToMake>1500</WorkToMake>
			<MaxHitPoints>120</MaxHitPoints>
			<Flammability>1.0</Flammability>
		</statBases>
		<Size>(3,1)</Size>
		<graphicOverdraw>False</graphicOverdraw>
		<DesignationCategory>Production</DesignationCategory>
		<Passability>Impassable</Passability>
		<hasInteractionCell>True</hasInteractionCell>
		<interactionCellOffset>(0,0,-1)</interactionCellOffset>
		<itemSurface>False</itemSurface>
		<recipes>
			<li>MakeStoneBlocks</li>
			<li>MakeSand_Hand</li>
		</recipes>
		<inspectorTabs>
			<li>ITab_Bills</li>
		</inspectorTabs>
		<building>
			<spawnedConceptLearnOpportunity>BillsTab</spawnedConceptLearnOpportunity>
		</building>
	</ThingDef>
	
	
	<ThingDef ParentName="BuildingBase">
		<defName>TableFurnace</defName>
		<label>smelting furnace</label>
		<ThingClass>Building_WorkTable</ThingClass>
		<Description>A wood-fired furnace used for smelting steel into steel bars.</Description>
		<graphicPath>Things/Building/SCProduction/TableFurnace3x1</graphicPath>
		<graphicClass>Graphic_Single</graphicClass>
		<graphicShaderType>CutoutComplex</graphicShaderType>
		<CostList>
			<WoodPlank>10</WoodPlank>
		</CostList>
		<stuffCategories>
			<li>Stony</li>
		</stuffCategories>
		<costStuffCount>50</costStuffCount>
		<AltitudeLayer>Waist</AltitudeLayer>
		<fillPercent>0.5</fillPercent>
		<useHitPoints>True</useHitPoints>
		<statBases>
			<WorkToMake>1500</WorkToMake>
			<MaxHitPoints>120</MaxHitPoints>
			<Flammability>1.0</Flammability>
		</statBases>
		<Size>(3,1)</Size>
		<graphicOverdraw>False</graphicOverdraw>
		<DesignationCategory>Production</DesignationCategory>
		<Passability>Impassable</Passability>
		<hasInteractionCell>True</hasInteractionCell>
		<interactionCellOffset>(0,0,-1)</interactionCellOffset>
		<itemSurface>False</itemSurface>
		<recipes>
			<li>MakeSteelBars_Hand</li>
		</recipes>
		<inspectorTabs>
			<li>ITab_Bills</li>
		</inspectorTabs>
		<comps>
			<li>
				<compClass>CompGlower</compClass>
				<glowRadius>3</glowRadius>
				<glowColor>(217,112,33,0)</glowColor>
			</li>
		</comps>
		<building>
			<spawnedConceptLearnOpportunity>BillsTab</spawnedConceptLearnOpportunity>
		</building>
	</ThingDef>
	
	
	<!--=============== Advanced Work tables ====================-->
	
	
	<ThingDef ParentName="BuildingBase">
		<DefName>TableMachining</DefName>
		<label>powered crafting table</label>
		<ThingClass>Building_WorkTable</ThingClass>
		<Description>An electrically-powered table for quickly cutting logs and stone blocks, making sand, and for butchering mechanoids.  Simple prosthetics can also be made here.</Description>
		<graphicPath>Things/Building/SCProduction/PoweredCrafting3x1</graphicPath>
		<graphicClass>Graphic_Single</graphicClass>
		<CostList>
			<WoodPlank>20</WoodPlank>
			<SteelBar>100</SteelBar>
		</CostList>
		<constructEffect>ConstructWood</constructEffect>
		<AltitudeLayer>Waist</AltitudeLayer>
		<fillPercent>0.5</fillPercent>
		<useHitPoints>True</useHitPoints>
		<statBases>
			<WorkToMake>3000</WorkToMake>
			<MaxHitPoints>240</MaxHitPoints>
			<Flammability>1.0</Flammability>
		</statBases>
		<Size>(3,1)</Size>
		<graphicOverdraw>False</graphicOverdraw>
		<DesignationCategory>Production</DesignationCategory>
		<Passability>Impassable</Passability>
		<hasInteractionCell>True</hasInteractionCell>
		<interactionCellOffset>(0,0,-1)</interactionCellOffset>
		<itemSurface>False</itemSurface>
		<recipes>
			<li>MakeWoodPlanks_Electric</li>
			<li>MakeKindling_Electric</li>
			<li>MakeStoneBlocks_Electric</li>
			<li>MakeSand_Electric</li>
			<li>ButcherCorpseMechanoid</li>
			<li>MakePowerClaw</li>
			<li>MakeSimpleProstheticArm</li>
			<li>MakeSimpleProstheticLeg</li>
			<li>MakeSteelDenture</li>
		</recipes>
		<inspectorTabs>
			<li>ITab_Bills</li>
		</inspectorTabs>
		<building>
			<spawnedConceptLearnOpportunity>BillsTab</spawnedConceptLearnOpportunity>
		</building>
		<comps>
			<li>
				<compClass>CompPowerTrader</compClass>
				<startElectricalFires>true</startElectricalFires>
				<basePowerConsumption>350</basePowerConsumption>
				<soundPowerOn>PowerOnSmall</soundPowerOn>
				<soundPowerOff>PowerOffSmall</soundPowerOff>
			</li>
		</comps>
		<researchPrerequisite>ElectricSmelting</researchPrerequisite>
	</ThingDef>
	
	
	<ThingDef ParentName="BuildingBase">
		<DefName>ElectricSmelter</DefName>
		<label>electric smelter</label>
		<ThingClass>Building_WorkTable_HeatPush</ThingClass>
		<Description>An electric smelter that quickly turns metal ore ore and slag into bars. Consumes a lot of power.</Description>
		<graphicPath>Things/Building/SCProduction/TableSmelter3x1</graphicPath>
		<graphicClass>Graphic_Single</graphicClass>
		<constructEffect>ConstructMetal</constructEffect>
		<CostList>
			<SteelBar>120</SteelBar>
		</CostList>
		<AltitudeLayer>Waist</AltitudeLayer>
		<fillPercent>0.5</fillPercent>
		<useHitPoints>True</useHitPoints>
		<statBases>
			<WorkToMake>3000</WorkToMake>
			<MaxHitPoints>240</MaxHitPoints>
			<Flammability>1.0</Flammability>
		</statBases>
		<Size>(3,1)</Size>
		<graphicOverdraw>False</graphicOverdraw>
		<DesignationCategory>Production</DesignationCategory>
		<Passability>Impassable</Passability>
		<hasInteractionCell>True</hasInteractionCell>
		<interactionCellOffset>(0,0,-1)</interactionCellOffset>
		<itemSurface>False</itemSurface>
		<recipes>
			<li>MakeSteelBars_Electric</li>
			<li>MakePlasteelBars_Electric</li>
			<li>ExtractMetalFromSlag</li>
			<li>SmeltWeapon</li>
		</recipes>
		<inspectorTabs>
			<li>ITab_Bills</li>
		</inspectorTabs>
		<comps>
			<li>
				<compClass>CompPowerTrader</compClass>
				<basePowerConsumption>700</basePowerConsumption>
				<startElectricalFires>true</startElectricalFires>
			</li>
			<li>
				<compClass>CompGlower</compClass>
				<glowRadius>6</glowRadius>
				<glowColor>(217,112,33,0)</glowColor>
			</li>
		</comps>
		<building>
			<spawnedConceptLearnOpportunity>BillsTab</spawnedConceptLearnOpportunity>
			<heatPerTickWhileWorking>0.5</heatPerTickWhileWorking>
		</building>
		<researchPrerequisite>ElectricSmelting</researchPrerequisite>
	</ThingDef>
	
	
	<ThingDef ParentName="BuildingBase">
		<DefName>TableGlassworks</DefName>
		<label>Glassworks</label>
		<ThingClass>Building_WorkTable_HeatPush</ThingClass>
		<Description>A table with tools for creating raw glass out of sand.</Description>
		<graphicPath>Things/Building/SCProduction/Glassworks3x1</graphicPath>
		<graphicClass>Graphic_Single</graphicClass>
		<constructEffect>ConstructMetal</constructEffect>
		<CostList>
			<SteelBar>90</SteelBar>
		</CostList>
		<AltitudeLayer>Waist</AltitudeLayer>
		<fillPercent>0.5</fillPercent>
		<useHitPoints>True</useHitPoints>
		<statBases>
			<WorkToMake>2250</WorkToMake>
			<MaxHitPoints>180</MaxHitPoints>
			<Flammability>1.0</Flammability>
		</statBases>
		<Size>(3,1)</Size>
		<graphicOverdraw>False</graphicOverdraw>
		<DesignationCategory>Production</DesignationCategory>
		<Passability>Impassable</Passability>
		<hasInteractionCell>True</hasInteractionCell>
		<interactionCellOffset>(0,0,-1)</interactionCellOffset>
		<itemSurface>False</itemSurface>
		<recipes>
			<li>MakeGlass</li>
		</recipes>
		<inspectorTabs>
			<li>ITab_Bills</li>
		</inspectorTabs>
		<comps>
			<li>
				<compClass>CompPowerTrader</compClass>
				<basePowerConsumption>500</basePowerConsumption>
				<startElectricalFires>true</startElectricalFires>
			</li>
			<li>
				<compClass>CompGlower</compClass>
				<glowRadius>6</glowRadius>
				<glowColor>(217,112,33,0)</glowColor>
			</li>
		</comps>
		<building>
			<spawnedConceptLearnOpportunity>BillsTab</spawnedConceptLearnOpportunity>
			<heatPerTickWhileWorking>0.5</heatPerTickWhileWorking>
		</building>
		<researchPrerequisite>PowerI</researchPrerequisite>
	</ThingDef>
	
	
	<ThingDef ParentName="BuildingBase">
		<DefName>TableSmithing</DefName>
		<label>smithing table</label>
		<ThingClass>Building_WorkTable</ThingClass>
		<Description>A table with tools for crafting electronic chips, weapons, armor, advanced prosthetics, and artillery shells.</Description>
		<graphicPath>Things/Building/SCProduction/TableSmithing3x1</graphicPath>
		<graphicClass>Graphic_Single</graphicClass>
		<CostList>
			<SteelBar>100</SteelBar>
			<PlasteelBar>50</PlasteelBar>
		</CostList>
		<constructEffect>ConstructWood</constructEffect>
		<AltitudeLayer>Waist</AltitudeLayer>
		<fillPercent>0.5</fillPercent>
		<useHitPoints>True</useHitPoints>
		<statBases>
			<WorkToMake>3750</WorkToMake>
			<MaxHitPoints>300</MaxHitPoints>
			<Flammability>1.0</Flammability>
		</statBases>
		<Size>(3,1)</Size>
		<graphicOverdraw>False</graphicOverdraw>
		<DesignationCategory>Production</DesignationCategory>
		<Passability>Impassable</Passability>
		<hasInteractionCell>True</hasInteractionCell>
		<interactionCellOffset>(0,0,-1)</interactionCellOffset>
		<itemSurface>False</itemSurface>
		<recipes>
			<li>MakeElectronics</li>
			<li>MakeScytherBlade</li>
			<li>MakeArtilleryShell</li>
		</recipes>
		<inspectorTabs>
			<li>ITab_Bills</li>
		</inspectorTabs>
		<building>
			<spawnedConceptLearnOpportunity>BillsTab</spawnedConceptLearnOpportunity>
		</building>
		<comps>
			<li>
				<compClass>CompPowerTrader</compClass>
				<startElectricalFires>true</startElectricalFires>
				<basePowerConsumption>500</basePowerConsumption>
				<soundPowerOn>PowerOnSmall</soundPowerOn>
				<soundPowerOff>PowerOffSmall</soundPowerOff>
			</li>
		</comps>
		<researchPrerequisite>Machining</researchPrerequisite>
	</ThingDef>
	
	
	<ThingDef ParentName="BuildingBase">
		<DefName>TableLoom</DefName>
		<label>tailor's loom</label>
		<ThingClass>Building_WorkTable</ThingClass>
		<Description>A tailor's table used to spin raw materials into usable cloth.</Description>
		<graphicPath>Things/Building/SCProduction/TableLoom3x2</graphicPath>
		<graphicClass>Graphic_Single</graphicClass>
		<CostList>
			<WoodPlank>60</WoodPlank>
			<SteelBar>30</SteelBar>
		</CostList>
		<constructEffect>ConstructWood</constructEffect>
		<AltitudeLayer>Waist</AltitudeLayer>
		<fillPercent>0.5</fillPercent>
		<useHitPoints>True</useHitPoints>
		<statBases>
			<WorkToMake>2250</WorkToMake>
			<MaxHitPoints>180</MaxHitPoints>
			<Flammability>1.0</Flammability>
		</statBases>
		<Size>(3,2)</Size>
		<graphicOverdraw>False</graphicOverdraw>
		<DesignationCategory>Production</DesignationCategory>
		<Passability>Impassable</Passability>
		<hasInteractionCell>True</hasInteractionCell>
		<interactionCellOffset>(0,0,-1)</interactionCellOffset>
		<itemSurface>False</itemSurface>
		<recipes>
			<li>MakeCloth</li>
			<li>MakeSynthreadCloth</li>
			<li>MakeDevilstrand</li>
			<li>MakeHyperweaveCloth</li>
		</recipes>
		<inspectorTabs>
			<li>ITab_Bills</li>
		</inspectorTabs>
		<building>
			<spawnedConceptLearnOpportunity>BillsTab</spawnedConceptLearnOpportunity>
		</building>
		<researchPrerequisite>CraftingI</researchPrerequisite>
	</ThingDef>
	
	
	<ThingDef ParentName="BuildingBase">
		<DefName>TableTailor</DefName>
		<label>tailor's workbench</label>
		<ThingClass>Building_WorkTable</ThingClass>
		<Description>A workbench equipped for clothing production.</Description>
		<graphicPath>Things/Building/SCProduction/SewingTable2x1</graphicPath>
		<graphicClass>Graphic_Single</graphicClass>
		<CostList>
			<WoodPlank>60</WoodPlank>
			<SteelBar>30</SteelBar>
		</CostList>
		<constructEffect>ConstructWood</constructEffect>
		<AltitudeLayer>Waist</AltitudeLayer>
		<fillPercent>0.5</fillPercent>
		<useHitPoints>True</useHitPoints>
		<statBases>
			<WorkToMake>2250</WorkToMake>
			<MaxHitPoints>180</MaxHitPoints>
			<Flammability>1.0</Flammability>
		</statBases>
		<Size>(2,1)</Size>
		<graphicOverdraw>False</graphicOverdraw>
		<DesignationCategory>Production</DesignationCategory>
		<Passability>Impassable</Passability>
		<hasInteractionCell>True</hasInteractionCell>
		<interactionCellOffset>(1,0,-1)</interactionCellOffset>
		<itemSurface>False</itemSurface>
		<inspectorTabs>
			<li>ITab_Bills</li>
		</inspectorTabs>
		<building>
			<spawnedConceptLearnOpportunity>BillsTab</spawnedConceptLearnOpportunity>
		</building>
		<researchPrerequisite>CraftingI</researchPrerequisite>
	</ThingDef>
	
	
	<ThingDef ParentName="BuildingBase">
		<DefName>TableSculpting</DefName>
		<label>sculptor's table</label>
		<ThingClass>Building_WorkTable</ThingClass>
		<Description>A workbench equipped for artistic sculpting.</Description>
		<graphicPath>Things/Building/Production/TableSculpting</graphicPath>
		<graphicClass>Graphic_Single</graphicClass>
		<CostList>
			<WoodPlank>40</WoodPlank>
			<SteelBar>80</SteelBar>
		</CostList>
		<constructEffect>ConstructWood</constructEffect>
		<AltitudeLayer>Waist</AltitudeLayer>
		<fillPercent>0.5</fillPercent>
		<useHitPoints>True</useHitPoints>
		<statBases>
			<WorkToMake>3000</WorkToMake>
			<MaxHitPoints>240</MaxHitPoints>
			<Flammability>1.0</Flammability>
		</statBases>
		<Size>(3,1)</Size>
		<graphicOverdraw>False</graphicOverdraw>
		<DesignationCategory>Production</DesignationCategory>
		<Passability>Impassable</Passability>
		<hasInteractionCell>True</hasInteractionCell>
		<interactionCellOffset>(0,0,-1)</interactionCellOffset>
		<itemSurface>False</itemSurface>
		<inspectorTabs>
			<li>ITab_Bills</li>
		</inspectorTabs>
		<building>
			<spawnedConceptLearnOpportunity>BillsTab</spawnedConceptLearnOpportunity>
		</building>
		<researchPrerequisite>ElectricSmelting</researchPrerequisite>
	</ThingDef>
	
	
	<ThingDef ParentName="BuildingBase">
		<DefName>TableButcher</DefName>
		<label>food prep table</label>
		<ThingClass>Building_WorkTable</ThingClass>
		<Description>A heavy table used for butchering dead creatures into pieces of raw meat, and making simple salads.</Description>
		<graphicPath>Things/Building/SCProduction/PrepTable3x1</graphicPath>
		<graphicClass>Graphic_Single</graphicClass>
		<CostList>
			<WoodLog>50</WoodLog>
			<Steel>10</Steel>
		</CostList>
		<constructEffect>ConstructWood</constructEffect>
		<AltitudeLayer>Waist</AltitudeLayer>
		<fillPercent>0.5</fillPercent>
		<useHitPoints>True</useHitPoints>
		<statBases>
			<WorkToMake>1500</WorkToMake>
			<MaxHitPoints>120</MaxHitPoints>
			<Flammability>1.0</Flammability>
		</statBases>
		<Size>(3,1)</Size>
		<graphicOverdraw>False</graphicOverdraw>
		<DesignationCategory>Production</DesignationCategory>
		<Passability>Impassable</Passability>
		<hasInteractionCell>True</hasInteractionCell>
		<interactionCellOffset>(0,0,-1)</interactionCellOffset>
		<itemSurface>False</itemSurface>
		<recipes>
			<li>CookMealSalad</li>
			<li>ButcherCorpseFlesh</li>
		</recipes>
		<inspectorTabs>
			<li>ITab_Bills</li>
		</inspectorTabs>
		<building>
			<spawnedConceptLearnOpportunity>BillsTab</spawnedConceptLearnOpportunity>
		</building>
	</ThingDef>
	
	
	<ThingDef ParentName="BuildingBase">
		<DefName>TableGrill</DefName>
		<label>simple grill</label>
		<ThingClass>Building_WorkTable</ThingClass>
		<Description>A small grill used to cook meat into simple jerky.</Description>
		<graphicPath>Things/Building/SCProduction/TableGrill1x1</graphicPath>
		<graphicClass>Graphic_Single</graphicClass>
		<CostList>
			<Steel>60</Steel>
		</CostList>
		<constructEffect>ConstructWood</constructEffect>
		<AltitudeLayer>Waist</AltitudeLayer>
		<fillPercent>0.5</fillPercent>
		<useHitPoints>True</useHitPoints>
		<statBases>
			<WorkToMake>1500</WorkToMake>
			<MaxHitPoints>120</MaxHitPoints>
			<Flammability>1.0</Flammability>
		</statBases>
		<Size>(1,1)</Size>
		<graphicOverdraw>False</graphicOverdraw>
		<DesignationCategory>Production</DesignationCategory>
		<Passability>Impassable</Passability>
		<hasInteractionCell>True</hasInteractionCell>
		<interactionCellOffset>(0,0,-1)</interactionCellOffset>
		<itemSurface>False</itemSurface>
		<recipes>
			<li>CookMealJerky</li>
		</recipes>
		<inspectorTabs>
			<li>ITab_Bills</li>
		</inspectorTabs>
		<comps>
			<li>
				<compClass>CompGlower</compClass>
				<glowRadius>3</glowRadius>
				<glowColor>(217,112,33,0)</glowColor>
			</li>
		</comps>
		<building>
			<spawnedConceptLearnOpportunity>BillsTab</spawnedConceptLearnOpportunity>
		</building>
	</ThingDef>
	
	
	<ThingDef ParentName="BuildingBase">
		<defName>CookStove</defName>
		<label>cook stove</label>
		<ThingClass>Building_WorkTable_HeatPush</ThingClass>
		<Description>A simple stove and attached countertop for preparing meals.</Description>
		<graphicPath>Things/Building/SCProduction/CookStove3x1</graphicPath>
		<graphicClass>Graphic_Single</graphicClass>
		<constructEffect>ConstructMetal</constructEffect>
		<CostList>
			<WoodPlank>60</WoodPlank>
			<SteelBar>30</SteelBar>
		</CostList>
		<AltitudeLayer>Waist</AltitudeLayer>
		<fillPercent>0.5</fillPercent>
		<useHitPoints>True</useHitPoints>
		<statBases>
			<WorkToMake>2250</WorkToMake>
			<MaxHitPoints>180</MaxHitPoints>
			<Flammability>1.0</Flammability>
		</statBases>
		<Size>(3,1)</Size>
		<graphicOverdraw>False</graphicOverdraw>
		<DesignationCategory>Production</DesignationCategory>
		<Passability>Impassable</Passability>
		<hasInteractionCell>True</hasInteractionCell>
		<interactionCellOffset>(0,0,-1)</interactionCellOffset>
		<itemSurface>False</itemSurface>
		<recipes>
			<li>CookMealSimple</li>
			<li>CookMealFine</li>
			<li>CookMealLavish</li>
			<li>CookMealSimple_Bulk</li>
			<li>CookMealFine_Bulk</li>
			<li>CookMealLavish_Bulk</li>
		</recipes>
		<inspectorTabs>
			<li>ITab_Bills</li>
		</inspectorTabs>
		<comps>
			<li>
				<compClass>CompPowerTrader</compClass>
				<startElectricalFires>true</startElectricalFires>
				<basePowerConsumption>350</basePowerConsumption>
				<soundPowerOn>PowerOnSmall</soundPowerOn>
				<soundPowerOff>PowerOffSmall</soundPowerOff>
			</li>
		</comps>
		<building>
			<spawnedConceptLearnOpportunity>BillsTab</spawnedConceptLearnOpportunity>
			<heatPerTickWhileWorking>0.25</heatPerTickWhileWorking>
		</building>
		<researchPrerequisite>PowerI</researchPrerequisite>
	</ThingDef>
	
	
	<ThingDef ParentName="BuildingBase">
		<DefName>Brewery</DefName>
		<label>brewery</label>
		<ThingClass>Building_WorkTable</ThingClass>
		<Description>A work station with all the equipment needed to brew beer, or make ethanol fuel from corn.</Description>
		<graphicPath>Things/Building/SCProduction/TableBrewery4x1</graphicPath>
		<graphicClass>Graphic_Single</graphicClass>
		<constructEffect>ConstructWood</constructEffect>
		<CostList>
			<WoodPlank>40</WoodPlank>
			<SteelBar>50</SteelBar>
		</CostList>
		<AltitudeLayer>Waist</AltitudeLayer>
		<fillPercent>0.5</fillPercent>
		<useHitPoints>True</useHitPoints>
		<statBases>
			<WorkToMake>2250</WorkToMake>
			<MaxHitPoints>180</MaxHitPoints>
			<Flammability>1.0</Flammability>
		</statBases>
		<Size>(4,1)</Size>
		<graphicOverdraw>False</graphicOverdraw>
		<DesignationCategory>Production</DesignationCategory>
		<Passability>Impassable</Passability>
		<hasInteractionCell>True</hasInteractionCell>
		<interactionCellOffset>(1,0,-1)</interactionCellOffset>
		<itemSurface>False</itemSurface>
		<recipes>
			<li>BrewBeer</li>
			<li>MakeEthanolFuel</li>
		</recipes>
		<inspectorTabs>
			<li>ITab_Bills</li>
		</inspectorTabs>
		<building>
			<spawnedConceptLearnOpportunity>BillsTab</spawnedConceptLearnOpportunity>
		</building>
		<researchPrerequisite>Brewing</researchPrerequisite>
	</ThingDef>
	
	
	<ThingDef ParentName="BuildingBase">
		<defName>TableChemlab</defName>
		<label>chemlab</label>
		<ThingClass>Building_WorkTable</ThingClass>
		<Description>A chemical laboratory with all the equipment needed to create medkits, and advanced prosthetics.</Description>
		<graphicPath>Things/Building/SCProduction/TableLab3x1</graphicPath>
		<graphicClass>Graphic_Single</graphicClass>
		<constructEffect>ConstructMetal</constructEffect>
		<CostList>
			<SteelBar>90</SteelBar>
			<Glass>30</Glass>
		</CostList>
		<AltitudeLayer>Waist</AltitudeLayer>
		<fillPercent>0.5</fillPercent>
		<useHitPoints>True</useHitPoints>
		<statBases>
			<WorkToMake>3000</WorkToMake>
			<MaxHitPoints>240</MaxHitPoints>
			<Flammability>1.0</Flammability>
		</statBases>
		<Size>(3,1)</Size>
		<graphicOverdraw>False</graphicOverdraw>
		<DesignationCategory>Production</DesignationCategory>
		<Passability>Impassable</Passability>
		<hasInteractionCell>True</hasInteractionCell>
		<interactionCellOffset>(0,0,-1)</interactionCellOffset>
		<itemSurface>False</itemSurface>
		<recipes>
			<li>MakeMedicine</li>
			<li>AlchemyPlasteel</li>
			<li>MakeArtificialBone</li>
			<li>MakeAdvancedProstheticArm</li>
			<li>MakeAdvancedProstheticLeg</li>
			<li>MakePlasteelDenture</li>
		</recipes>
		<inspectorTabs>
			<li>ITab_Bills</li>
		</inspectorTabs>
		<comps>
			<li>
				<compClass>CompPowerTrader</compClass>
				<startElectricalFires>true</startElectricalFires>
				<basePowerConsumption>150</basePowerConsumption>
				<soundPowerOn>PowerOnSmall</soundPowerOn>
				<soundPowerOff>PowerOffSmall</soundPowerOff>
			</li>
		</comps>
		<building>
			<spawnedConceptLearnOpportunity>BillsTab</spawnedConceptLearnOpportunity>
		</building>
		<researchPrerequisite>Chemlab</researchPrerequisite>
	</ThingDef>
	
	<ThingDef ParentName="BuildingBase">
		<defName>TableOrganvat</defName>
		<label>organ vat</label>
		<ThingClass>Building_WorkTable</ThingClass>
		<Description>A large vat used to turn human corpses into biomatter, and grow replacement organs.</Description>
		<graphicPath>Things/Building/SCProduction/TableOrganvat2x2</graphicPath>
		<graphicClass>Graphic_Single</graphicClass>
		<constructEffect>ConstructMetal</constructEffect>
		<CostList>
			<SteelBar>90</SteelBar>
			<PlasteelBar>30</PlasteelBar>
		</CostList>
		<AltitudeLayer>Waist</AltitudeLayer>
		<fillPercent>0.5</fillPercent>
		<useHitPoints>True</useHitPoints>
		<statBases>
			<WorkToMake>3000</WorkToMake>
			<MaxHitPoints>240</MaxHitPoints>
			<Flammability>1.0</Flammability>
		</statBases>
		<Size>(2,2)</Size>
		<graphicOverdraw>False</graphicOverdraw>
		<DesignationCategory>Production</DesignationCategory>
		<Passability>Impassable</Passability>
		<hasInteractionCell>True</hasInteractionCell>
		<interactionCellOffset>(1,0,-1)</interactionCellOffset>
		<itemSurface>False</itemSurface>
		<recipes>
			<li>ExtractBiomatterCorpse</li>
			<li>MakeNaturalEye</li>
			<li>MakeNaturalEar</li>
			<li>MakeNaturalNose</li>
			<li>MakeNaturalHeart</li>
			<li>MakeNaturalLung</li>
			<li>MakeNaturalLiver</li>
			<li>MakeNaturalKidney</li>
			<li>MakeNaturalStomach</li>
		</recipes>
		<inspectorTabs>
			<li>ITab_Bills</li>
		</inspectorTabs>
		<comps>
			<li>
				<compClass>CompPowerTrader</compClass>
				<startElectricalFires>true</startElectricalFires>
				<basePowerConsumption>450</basePowerConsumption>
				<soundPowerOn>PowerOnSmall</soundPowerOn>
				<soundPowerOff>PowerOffSmall</soundPowerOff>
			</li>
		</comps>
		<building>
			<spawnedConceptLearnOpportunity>BillsTab</spawnedConceptLearnOpportunity>
		</building>
		<researchPrerequisite>Cryptosleep</researchPrerequisite>
	</ThingDef>
	
	<ThingDef ParentName="BuildingBase">
		<defName>TableBionics</defName>
		<label>bionic crafting table</label>
		<ThingClass>Building_WorkTable</ThingClass>
		<Description>An advanced work station used to create bionic replacement parts.</Description>
		<graphicPath>Things/Building/SCProduction/TableBionic3x1</graphicPath>
		<graphicClass>Graphic_Single</graphicClass>
		<constructEffect>ConstructMetal</constructEffect>
		<CostList>
			<SteelBar>90</SteelBar>
			<PlasteelBar>30</PlasteelBar>
			<Glass>30</Glass>
		</CostList>
		<AltitudeLayer>Waist</AltitudeLayer>
		<fillPercent>0.5</fillPercent>
		<useHitPoints>True</useHitPoints>
		<statBases>
			<WorkToMake>3750</WorkToMake>
			<MaxHitPoints>300</MaxHitPoints>
			<Flammability>1.0</Flammability>
		</statBases>
		<Size>(3,1)</Size>
		<graphicOverdraw>False</graphicOverdraw>
		<DesignationCategory>Production</DesignationCategory>
		<Passability>Impassable</Passability>
		<hasInteractionCell>True</hasInteractionCell>
		<interactionCellOffset>(0,0,-1)</interactionCellOffset>
		<itemSurface>False</itemSurface>
		<recipes>
			<li>MakeBionicEye</li>
			<li>MakeBionicEar</li>
			<li>MakeBionicArm</li>
			<li>MakeBionicLeg</li>
			<li>MakeBionicSpine</li>
			<li>MakeBionicBrain</li>
		</recipes>
		<inspectorTabs>
			<li>ITab_Bills</li>
		</inspectorTabs>
		<comps>
			<li>
				<compClass>CompPowerTrader</compClass>
				<startElectricalFires>true</startElectricalFires>
				<basePowerConsumption>300</basePowerConsumption>
				<soundPowerOn>PowerOnSmall</soundPowerOn>
				<soundPowerOff>PowerOffSmall</soundPowerOff>
			</li>
		</comps>
		<building>
			<spawnedConceptLearnOpportunity>BillsTab</spawnedConceptLearnOpportunity>
		</building>
		<researchPrerequisite>CraftingIV</researchPrerequisite>
	</ThingDef>
	
	<ThingDef ParentName="BuildingBase">
		<DefName>TableComposter</DefName>
		<label>composter</label>
		<ThingClass>Building_WorkTable</ThingClass>
		<Description>A composter used to turn wood logs into mulch.</Description>
		<graphicPath>Things/Building/SCProduction/TableComposter1x2</graphicPath>
		<graphicClass>Graphic_Single</graphicClass>
		<CostList>
			<SteelBar>90</SteelBar>
		</CostList>
		<constructEffect>ConstructWood</constructEffect>
		<AltitudeLayer>Waist</AltitudeLayer>
		<fillPercent>0.5</fillPercent>
		<useHitPoints>True</useHitPoints>
		<statBases>
			<WorkToMake>2250</WorkToMake>
			<MaxHitPoints>180</MaxHitPoints>
			<Flammability>1.0</Flammability>
		</statBases>
		<Size>(1,2)</Size>
		<graphicOverdraw>False</graphicOverdraw>
		<DesignationCategory>Production</DesignationCategory>
		<Passability>Impassable</Passability>
		<hasInteractionCell>True</hasInteractionCell>
		<interactionCellOffset>(0,0,-1)</interactionCellOffset>
		<itemSurface>False</itemSurface>
		<recipes>
			<li>MakeMulch</li>
		</recipes>
		<inspectorTabs>
			<li>ITab_Bills</li>
		</inspectorTabs>
		<comps>
			<li>
				<compClass>CompPowerTrader</compClass>
				<startElectricalFires>true</startElectricalFires>
				<basePowerConsumption>150</basePowerConsumption>
				<soundPowerOn>PowerOnSmall</soundPowerOn>
				<soundPowerOff>PowerOffSmall</soundPowerOff>
			</li>
		</comps>
		<building>
			<spawnedConceptLearnOpportunity>BillsTab</spawnedConceptLearnOpportunity>
		</building>
		<researchPrerequisite>AgricultureII</researchPrerequisite>
	</ThingDef>
	
	
	<ThingDef ParentName="BuildingBase">
		<defName>HydroponicsBasin</defName>
		<label>hydroponics basin</label>
		<thingClass>Building_PlantGrower</thingClass>
		<linkDrawerType>Basic</linkDrawerType>
		<graphicPath>Things/Building/SCProduction/Hydroponics_Atlas</graphicPath>
		<graphicClass>Graphic_Single</graphicClass>
		<blueprintgraphicPath>Things/Building/Linked/Wall_Blueprint_Atlas</blueprintgraphicPath>
		<uiIconPath>Things/Building/SCProduction/Hydroponics_Ico</uiIconPath>
		<linkFlags>
			<li>Custom1</li>
		</linkFlags>
		<altitudeLayer>FloorEmplacement</altitudeLayer>
		<passability>PassThroughOnly</passability>
		<pathCost>60</pathCost>
		<castEdgeShadows>true</castEdgeShadows>
		<constructEffect>ConstructMetal</constructEffect>
		<statBases>
			<WorkToMake>1500</WorkToMake>
			<MaxHitPoints>120</MaxHitPoints>
			<Flammability>1.0</Flammability>
		</statBases>
		<description>For growing food. Hydroponics basins grow plants quickly. The basin requires power to work, provides their own light source, but plants will die if power is cut.</description>
		<costList>
			<SteelBar>20</SteelBar>
			<Glass>20</Glass>
			<Mulch>20</Mulch>
		</costList>
		<inspectorTabs>
			<li>ITab_Growing</li>
		</inspectorTabs>
		<graphicOverdraw>false</graphicOverdraw>
		<fertility>4.0</fertility>
		<building>
			<ignoreNeedsPower>false</ignoreNeedsPower>
			<defaultPlantToGrow>PlantPotato</defaultPlantToGrow>
			<plantsDestroyWithMe>true</plantsDestroyWithMe>
			<sowTag>Hydroponic</sowTag>
		</building>
		<placingDraggableDimensions>1</placingDraggableDimensions>
		<tickerType>Rare</tickerType>
		<rotatable>false</rotatable>
		<selectable>true</selectable>
		<neverMultiSelect>true</neverMultiSelect>
		<comps>
			<li>
				<compClass>CompForbiddable</compClass>
			</li>
			<li>
				<compClass>CompPowerTrader</compClass>
				<transmitsPower>true</transmitsPower>
				<startElectricalFires>true</startElectricalFires>
				<soundPowerOn>PowerOnSmall</soundPowerOn>
				<soundPowerOff>PowerOffSmall</soundPowerOff>
				<basePowerConsumption>25</basePowerConsumption>
			</li>
			<li>
				<compClass>CompGlower</compClass>
				<overlightRadius>7.0</overlightRadius>
				<glowRadius>2</glowRadius>
				<glowColor>(370,370,370,0)</glowColor>
			</li>
		</comps>
		<researchPrerequisite>Hydroponics</researchPrerequisite>
		<terrainAffordanceNeeded>Heavy</terrainAffordanceNeeded>
		<designationCategory>Production</designationCategory>
		<staticSunShadowHeight>0.03</staticSunShadowHeight>
	</ThingDef>
	
	
	<ThingDef ParentName="BuildingBase">
		<defName>SunLamp</defName>
		<label>sun lamp</label>
		<thingClass>Building</thingClass>
		<category>Building</category>
		<graphicPath>Things/Building/SCMisc/SunLamp1x1</graphicPath>
		<graphicClass>Graphic_Single</graphicClass>
		<altitudeLayer>BuildingTall</altitudeLayer>
		<passability>PassThroughOnly</passability>
		<statBases>
			<MaxHitPoints>50</MaxHitPoints>
			<WorkToMake>330</WorkToMake>
			<Flammability>1.0</Flammability>
		</statBases>
		<selectable>true</selectable>
		<description>Lights an area brightly enough to grow crops.</description>
		<size>(1,1)</size>
		<costList>
			<SteelBar>40</SteelBar>
			<Glass>10</Glass>
		</costList>
		<soundImpactDefault>BulletImpactMetal</soundImpactDefault>
		<leaveResourcesWhenKilled>false</leaveResourcesWhenKilled>
		<comps>
			<li>
				<compClass>CompGlower</compClass>
				<overlightRadius>7.0</overlightRadius>
				<glowRadius>14</glowRadius>
				<glowColor>(370,370,370,0)</glowColor>
			</li>
			<li>
				<compClass>CompPowerTrader</compClass>
				<startElectricalFires>true</startElectricalFires>
				<soundPowerOn>PowerOnSmall</soundPowerOn>
				<soundPowerOff>PowerOffSmall</soundPowerOff>
				<basePowerConsumption>300</basePowerConsumption>
			</li>
		</comps>
		<specialDisplayRadius>5.8</specialDisplayRadius>
		<designationCategory>Production</designationCategory>
		<graphicSunShadowInfo>
			<basewidth>0.2</basewidth>
			<baseHeight>0.2</baseHeight>
			<tallness>0.4</tallness>
			<offset>(0,0,-0.1)</offset>
		</graphicSunShadowInfo>
		<rotatable>false</rotatable>
		<researchPrerequisite>PowerI</researchPrerequisite>
	</ThingDef>
  
  
</ThingDefs>