﻿<?xml version="1.0" encoding="utf-8" ?>
<ThingDefs>


  <ThingDef Name="BuildingBase" Abstract="True">
    <category>Building</category>
    <thingClass>Building</thingClass>
    <soundImpactDefault>BulletImpactMetal</soundImpactDefault>
    <selectable>true</selectable>
    <drawerType>MapMeshAndRealTime</drawerType>
    <terrainAffordanceNeeded>Light</terrainAffordanceNeeded>
    <repairEffect>Repair</repairEffect>
    <leaveResourcesWhenKilled>true</leaveResourcesWhenKilled>
    <filthLeaving>BuildingRubble</filthLeaving>
  </ThingDef>



  <ThingDef ParentName="BuildingBase">
    <defName>HorseshoesPin</defName>
    <label>horseshoes pin</label>
    <description>A simple ancient game played with a few horseshoes and a large pin in the ground. Players toss horseshoes from a distance and attempt to get them to land close to or around the pin. It's relaxing, and even trains hand-eye coordination.</description>
    <graphicPath>Things/Building/Joy/HorseshoesPin</graphicPath>
    <graphicClass>Graphic_Single</graphicClass>
    <altitudeLayer>Waist</altitudeLayer>
    <rotatable>false</rotatable>
    <socialPropernessMatters>true</socialPropernessMatters>
    <statBases>
      <MaxHitPoints>75</MaxHitPoints>
      <WorkToMake>150</WorkToMake>
      <Flammability>1.0</Flammability>
    </statBases>
    <size>(1,1)</size>
    <stuffCategories>
      <li>Metallic</li>
      <li>Woody</li>
      <li>Stony</li>
    </stuffCategories>
    <costStuffCount>15</costStuffCount>
    <pathCost>10</pathCost>
    <designationCategory>Joy</designationCategory>
    <designationHotKey>H</designationHotKey>
  </ThingDef>
  
  
  <ThingDef ParentName="BuildingBase">
    <defName>ChessTable</defName>
    <label>chess table</label>
    <description>The ancient game of kings. Fun for a few hours here and there, even playing alone.</description>
    <graphicPath>Things/Building/Joy/ChessTable</graphicPath>
    <graphicClass>Graphic_Single</graphicClass>
    <altitudeLayer>Waist</altitudeLayer>
    <rotatable>false</rotatable>
    <socialPropernessMatters>true</socialPropernessMatters>
    <statBases>
      <MaxHitPoints>100</MaxHitPoints>
      <WorkToMake>10000</WorkToMake>
      <Flammability>1.0</Flammability>
      <Beauty>10</Beauty>
    </statBases>
    <size>(1,1)</size>
    <stuffCategories>
      <li>Metallic</li>
      <li>Woody</li>
      <li>Stony</li>
    </stuffCategories>
    <costStuffCount>120</costStuffCount>
    <pathCost>70</pathCost>
    <passability>PassThroughOnly</passability>
    <designationCategory>Joy</designationCategory>
    <graphicSunShadowInfo>
      <basewidth>0.3</basewidth>
      <baseHeight>0.3</baseHeight>
      <tallness>0.6</tallness>
    </graphicSunShadowInfo>
    <designationHotKey>C</designationHotKey>
  </ThingDef>


  <ThingDef ParentName="BuildingBase">
    <defName>BilliardsTable</defName>
    <label>billiards table</label>
    <description>A soft-topped bounded table for playing a variety of billiards-type games.</description>
    <graphicPath>Things/Building/Joy/BilliardsTable</graphicPath>
    <graphicClass>Graphic_Multi</graphicClass>
    <graphicShaderType>CutoutComplex</graphicShaderType>
    <graphicOverdraw>true</graphicOverdraw>
    <staticSunShadowHeight>0.20</staticSunShadowHeight>
    <altitudeLayer>Waist</altitudeLayer>
    <socialPropernessMatters>true</socialPropernessMatters>
    <statBases>
      <MaxHitPoints>250</MaxHitPoints>
      <WorkToMake>12000</WorkToMake>
      <Flammability>1.0</Flammability>
      <Beauty>10</Beauty>
    </statBases>
    <size>(2,3)</size>
    <stuffCategories>
      <li>Metallic</li>
      <li>Woody</li>
      <li>Stony</li>
    </stuffCategories>
    <costStuffCount>140</costStuffCount>
    <costList>
      <Cloth>80</Cloth>
      <WoodLog>30</WoodLog>
    </costList>
    <pathCost>70</pathCost>
    <passability>PassThroughOnly</passability>
    <designationCategory>Joy</designationCategory>
    <designationHotKey>B</designationHotKey>
		<placeWorkers>
			<li>PlaceWorker_NeverAdjacentUnstandable</li>
		</placeWorkers>
  </ThingDef>


  <ThingDef ParentName="BuildingBase">
    <defName>Television</defName>
    <label>television</label>
    <description>A cathode ray tube display for showing moving pictures with sound. Even on the rimworlds, there is often an old transmitter running something at least marginally interesting.</description>
    <graphicPath>Things/Building/Joy/Television</graphicPath>
    <graphicClass>Graphic_Multi</graphicClass>
    <altitudeLayer>Waist</altitudeLayer>
    <rotatable>true</rotatable>
    <minifiedDef>MinifiedFurniture</minifiedDef>
    <socialPropernessMatters>true</socialPropernessMatters>
    <statBases>
      <MaxHitPoints>100</MaxHitPoints>
      <Flammability>1.0</Flammability>
      <MarketValue>700</MarketValue>
    </statBases>
    <size>(1,1)</size>
    <pathCost>70</pathCost>
    <passability>PassThroughOnly</passability>
    <comps>
      <li>
        <compClass>CompPowerTrader</compClass>
        <startElectricalFires>true</startElectricalFires>
        <basePowerConsumption>200</basePowerConsumption>
      </li>
    </comps>
    <graphicSunShadowInfo>
      <basewidth>0.3</basewidth>
      <baseHeight>0.3</baseHeight>
      <tallness>0.6</tallness>
    </graphicSunShadowInfo>
  </ThingDef>

  <ThingDef ParentName="BuildingBase">
    <defName>Telescope</defName>
    <label>telescope</label>
    <description>A telescope for doing amateur astronomy. It's a relaxing and fun hobby for a certain kind of person.</description>
    <graphicPath>Things/Building/Joy/Telescope</graphicPath>
    <graphicClass>Graphic_Single</graphicClass>
    <altitudeLayer>Waist</altitudeLayer>
    <rotatable>false</rotatable>
    <passability>PassThroughOnly</passability>
    <size>(1,1)</size>
    <pathCost>10</pathCost>
    <minifiedDef>MinifiedFurniture</minifiedDef>
    <socialPropernessMatters>true</socialPropernessMatters>
    <statBases>
      <MaxHitPoints>75</MaxHitPoints>
      <Flammability>1.0</Flammability>
      <MarketValue>350</MarketValue>
    </statBases>
    <graphicSunShadowInfo>
      <basewidth>0.3</basewidth>
      <baseHeight>0.3</baseHeight>
      <tallness>0.6</tallness>
    </graphicSunShadowInfo>
  </ThingDef>
  
  
</ThingDefs>