﻿<?xml version="1.0" encoding="utf-8" ?>
<Buildings>


	<ThingDef Name="BuildingBase" Abstract="True">
		<category>Building</category>
		<soundImpactDefault>BulletImpactMetal</soundImpactDefault>
		<selectable>true</selectable>
		<drawerType>MapMeshAndRealTime</drawerType>
		<terrainAffordanceNeeded>Light</terrainAffordanceNeeded>
		<repairEffect>Repair</repairEffect>
		<leaveResourcesWhenKilled>true</leaveResourcesWhenKilled>
		<filthLeaving>BuildingRubble</filthLeaving>
	</ThingDef>
	
	
	<ThingDef ParentName="BuildingBase">
		<defName>Grave</defName>
		<label>grave</label>
		<thingClass>Building_Grave</thingClass>
		<graphicPath>Things/Building/Misc/GraveEmpty</graphicPath>
		<graphicClass>Graphic_Single</graphicClass>
		<graphicOverdraw>true</graphicOverdraw>
		<constructEffect>ConstructDirt</constructEffect>
		<altitudeLayer>FloorEmplacement</altitudeLayer>
		<useHitPoints>false</useHitPoints>
		<description>Place the dead in graves to give them a decent final resting place.</description>
		<size>(1,2)</size>
		<statBases>
			<WorkToMake>650</WorkToMake>
		</statBases>
		<passability>Standable</passability>
		<building>
			<fixedStorageSettings>
				<allowances>
					<categories>
						<li>Corpses</li>
					</categories>
				</allowances>
			</fixedStorageSettings>
			<defaultStorageSettings>
				<priority>Important</priority>
					<allowances>
						<categories>
							<li>CorpsesHumanlike</li>
						</categories>
						<specialFiltersToAllow>
							<li>AllowBuried</li>
						</specialFiltersToAllow>
					</allowances>
			</defaultStorageSettings>
		</building>
		<inspectorTabs>
			<li>ITab_Storage</li>
		</inspectorTabs>
		<terrainAffordanceNeeded>Diggable</terrainAffordanceNeeded>
		<designationCategory>Misc</designationCategory>
		<itemSurface>true</itemSurface>
	</ThingDef>
	
	
	<ThingDef ParentName="BuildingBase">
		<defName>ResearchBench</defName>
		<label>research bench</label>
		<thingClass>Building_ResearchBench</thingClass>
		<graphicPath>Things/Building/SCMisc/ResearchBench3x1</graphicPath>
		<graphicClass>Graphic_Single</graphicClass>
		<altitudeLayer>Waist</altitudeLayer>
		<passability>Impassable</passability>
		<castEdgeShadows>true</castEdgeShadows>
		<statBases>
			<MaxHitPoints>120</MaxHitPoints>
			<WorkToMake>1500</WorkToMake>
			<Flammability>1.0</Flammability>
		</statBases>
		<description>Researchers work here to discover new things.</description>
		<size>(3,1)</size>
		<costList>
			<SteelBar>10</SteelBar>
			<WoodPlank>50</WoodPlank>
		</costList>
		<fillPercent>0.5</fillPercent>
		<interactionCellOffset>(0,0,-1)</interactionCellOffset>
		<hasInteractionCell>true</hasInteractionCell>
		<terrainAffordanceNeeded>Heavy</terrainAffordanceNeeded>
		<designationCategory>Misc</designationCategory>
		<staticSunShadowHeight>0.20</staticSunShadowHeight>
		<itemSurface>true</itemSurface>
	</ThingDef>
	
	
	<ThingDef ParentName="BuildingBase">
		<defName>CommsConsole</defName>
		<label>comms console</label>
		<thingClass>Building_CommsConsole</thingClass>
		<graphicPath>Things/Building/SCMisc/CommsConsole2x1</graphicPath>
		<graphicClass>Graphic_Single</graphicClass>
		<graphicOverdraw>false</graphicOverdraw>
		<altitudeLayer>BuildingTall</altitudeLayer>
		<passability>Impassable</passability>
		<castEdgeShadows>true</castEdgeShadows>
		<fillPercent>1</fillPercent>
		<statBases>
			<MaxHitPoints>180</MaxHitPoints>
			<WorkToMake>2250</WorkToMake>
			<Flammability>1.0</Flammability>
		</statBases>
		<description>Communicate with nearby ships here for negotiation and trade.</description>
		<size>(2,1)</size>
		<costList>
			<SteelBar>70</SteelBar>
			<Glass>20</Glass>
		</costList>
		<interactionCellOffset>(1,0,-1)</interactionCellOffset>
		<hasInteractionCell>true</hasInteractionCell>
		<terrainAffordanceNeeded>Heavy</terrainAffordanceNeeded>
		<designationCategory>Misc</designationCategory>
		<comps>
			<li>
				<compClass>CompPowerTrader</compClass>
				<startElectricalFires>true</startElectricalFires>
				<basePowerConsumption>200</basePowerConsumption>
			</li>
		</comps>
		<staticSunShadowHeight>0.5</staticSunShadowHeight>
		<researchPrerequisite>Communications</researchPrerequisite>
	</ThingDef>
	
	
	<ThingDef ParentName="BuildingBase">
		<defName>OrbitalTradeBeacon</defName>
		<label>orbital trade beacon</label>
		<thingClass>Building_OrbitalTradeBeacon</thingClass>
		<graphicPath>Things/Building/Misc/DropBeacon</graphicPath>
		<graphicClass>Graphic_Single</graphicClass>
		<altitudeLayer>Waist</altitudeLayer>
		<statBases>
			<MaxHitPoints>120</MaxHitPoints>
			<WorkToMake>1500</WorkToMake>
			<Flammability>1.0</Flammability>
		</statBases>
		<description>Required for orbital trading. You can only sell goods that are near an orbital trade beacon. Orbital traders will also drop goods near this.</description>
		<size>(1,1)</size>
		<drawerType>MapMeshAndRealTime</drawerType>
		<specialDisplayRadius>7.9</specialDisplayRadius>
		<costList>
			<SteelBar>60</SteelBar>
		</costList>
		<leaveResourcesWhenKilled>false</leaveResourcesWhenKilled>
		<graphicOverdraw>false</graphicOverdraw>
		<pathCost>30</pathCost>
		<designationCategory>Misc</designationCategory>
		<graphicSunShadowInfo>
			<basewidth>0.3</basewidth>
			<baseHeight>0.3</baseHeight>
			<tallness>0.6</tallness>
		</graphicSunShadowInfo>
		<rotatable>false</rotatable>
		<researchPrerequisite>Communications</researchPrerequisite>
	</ThingDef>
	
	
	<ThingDef ParentName="BuildingBase">
		<defName>NutrientPasteDispenser</defName>
		<label>food synthesizer</label>
		<thingClass>Building_NutrientPasteDispenser</thingClass>
		<graphicPath>Things/Building/SCMisc/PasteDispenser2x1</graphicPath>
		<graphicClass>Graphic_Single</graphicClass>
		<altitudeLayer>BuildingTall</altitudeLayer>
		<passability>Impassable</passability>
		<castEdgeShadows>true</castEdgeShadows>
		<fillPercent>1</fillPercent>
		<statBases>
			<WorkToMake>2250</WorkToMake>
			<MaxHitPoints>180</MaxHitPoints>
			<Flammability>1.0</Flammability>
		</statBases>
		<description>Synthesizes replicated meal from organic feedstock.</description>
		<building>
			<wantsHopperAdjacent>true</wantsHopperAdjacent>
			<foodCostPerDispense>10</foodCostPerDispense>
			<soundDispense>DispensePaste</soundDispense>
		</building>
		<comps>
			<li>
				<compClass>CompPowerTrader</compClass>
				<startElectricalFires>true</startElectricalFires>
				<basePowerConsumption>200</basePowerConsumption>
			</li>
		</comps>
		<size>(2,1)</size>
		<costList>
			<SteelBar>70</SteelBar>
			<Glass>20</Glass>
		</costList>
		<interactionCellOffset>(1,0,1)</interactionCellOffset>
		<hasInteractionCell>true</hasInteractionCell>
		<terrainAffordanceNeeded>Heavy</terrainAffordanceNeeded>
		<designationCategory>Misc</designationCategory>
		<staticSunShadowHeight>0.75</staticSunShadowHeight>
		<constructEffect>ConstructMetal</constructEffect>
		<researchPrerequisite>FoodSynthesizer</researchPrerequisite>
	</ThingDef>
	
	
	<ThingDef ParentName="BuildingBase">
		<defName>Hopper</defName>
		<label>synthesizer hopper</label>
		<thingClass>Building_Storage</thingClass>
		<graphicPath>Things/Building/SCMisc/Hopper</graphicPath>
		<graphicClass>Graphic_Single</graphicClass>
		<altitudeLayer>Waist</altitudeLayer>
		<passability>PassThroughOnly</passability>
		<fillPercent>0.5</fillPercent>
		<pathCost>70</pathCost>
		<building>
			<fixedStorageSettings>
			<priority>Important</priority>
			<allowances>
				<categories>
					<li>FoodRaw</li>
				</categories>
			</allowances>
			</fixedStorageSettings>
			<defaultStorageSettings>
			<priority>Important</priority>
			<allowances>
				<categories>
					<li>FoodRaw</li>
				</categories>
				<exceptedThingDefs>
					<li>Human_Meat</li>
				</exceptedThingDefs>
			</allowances>
			</defaultStorageSettings>
		</building>
		<inspectorTabs>
			<li>ITab_Storage</li>
		</inspectorTabs>
		<castEdgeShadows>true</castEdgeShadows>
		<statBases>
			<WorkToMake>450</WorkToMake>
			<MaxHitPoints>100</MaxHitPoints>
			<Flammability>1.0</Flammability>
		</statBases>
		<description>Holds resources for the food synthesizer.</description>
		<costList>
			<SteelBar>15</SteelBar>
		</costList>
		<tickerType>Never</tickerType>
		<rotatable>true</rotatable>
		<neverMultiSelect>true</neverMultiSelect>
		<designationCategory>Misc</designationCategory>
		<staticSunShadowHeight>0.3</staticSunShadowHeight>
		<itemSurface>true</itemSurface>
		<placeWorkers>
			<li>PlaceWorker_NextToHopperAccepter</li>
		</placeWorkers>
		<constructEffect>ConstructMetal</constructEffect>
		<researchPrerequisite>FoodSynthesizer</researchPrerequisite>
	</ThingDef>
	
	
	<ThingDef ParentName="BuildingBase">
		<DefName>Crematorium</DefName>
		<label>crematorium</label>
		<ThingClass>Building_WorkTable_HeatPush</ThingClass>
		<Description>Cremates corpses.</Description>
		<graphicPath>Things/Building/Production/Crematorium</graphicPath>
		<graphicClass>Graphic_Single</graphicClass>
		<graphicShaderType>CutoutComplex</graphicShaderType>
		<costStuffCount>70</costStuffCount>
		<stuffCategories>
			<li>Stony</li>
		</stuffCategories>
		<costList>
			<SteelBar>20</SteelBar>
		</costList>
		<AltitudeLayer>Waist</AltitudeLayer>
		<useHitPoints>True</useHitPoints>
		<statBases>
			<WorkToMake>2250</WorkToMake>
			<MaxHitPoints>180</MaxHitPoints>
			<Flammability>0</Flammability>
		</statBases>
		<Size>(3,2)</Size>
		<graphicOverdraw>False</graphicOverdraw>
		<DesignationCategory>Misc</DesignationCategory>
		<fillPercent>1</fillPercent>
		<Passability>Impassable</Passability>
		<hasInteractionCell>True</hasInteractionCell>
		<interactionCellOffset>(0,0,-1)</interactionCellOffset>
		<itemSurface>True</itemSurface>
		<recipes>
			<li>CremateCorpse</li>
			<li>BurnApparel</li>
		</recipes>
		<inspectorTabs>
			<li>ITab_Bills</li>
		</inspectorTabs>
		<comps>
			<li>
				<compClass>CompPowerTrader</compClass>
				<basePowerConsumption>250</basePowerConsumption>
				<startElectricalFires>true</startElectricalFires>
				<soundPowerOn>PowerOnSmall</soundPowerOn>
				<soundPowerOff>PowerOffSmall</soundPowerOff>
			</li>
			<li>
				<compClass>CompGlower</compClass>
				<glowRadius>6</glowRadius>
				<glowColor>(217,112,33,0)</glowColor>
			</li>
		</comps>
		<building>
			<spawnedConceptLearnOpportunity>BillsTab</spawnedConceptLearnOpportunity>
			<heatPerTickWhileWorking>0.6</heatPerTickWhileWorking>
		</building>
		<researchPrerequisite>Cremation</researchPrerequisite>
	</ThingDef>
	
	<ThingDef ParentName="BuildingBase">
		<defName>FertilizerPump</defName>
		<label>terraforming pump</label>
		<thingClass>Building_FertilizerPump</thingClass>
		<graphicPath>Things/Building/SCMisc/FertilizerPump</graphicPath>
		<graphicClass>Graphic_Single</graphicClass>
		<graphicOverdraw>false</graphicOverdraw>
		<altitudeLayer>Waist</altitudeLayer>
		<passability>Standable</passability>
		<castEdgeShadows>true</castEdgeShadows>
		<fillPercent>0.2</fillPercent>
		<tickerType>Rare</tickerType>
		<statBases>
			<MaxHitPoints>240</MaxHitPoints>
			<WorkToMake>3000</WorkToMake>
			<Flammability>1.0</Flammability>
		</statBases>
		<description>Slowly expands a field of growable soil around itself.</description>
		<size>(1,1)</size>
		<costList>
			<SteelBar>75</SteelBar>
			<Glass>20</Glass>
			<Electronics>25</Electronics>
		</costList>
		<terrainAffordanceNeeded>Light</terrainAffordanceNeeded>
		<designationCategory>Misc</designationCategory>
		<comps>
			<li>
				<compClass>CompPowerTrader</compClass>
				<startElectricalFires>false</startElectricalFires>
				<basePowerConsumption>100</basePowerConsumption>
			</li>
		</comps>
		<staticSunShadowHeight>0.3</staticSunShadowHeight>
		<rotatable>false</rotatable>
		<researchPrerequisite>AgricultureIV</researchPrerequisite>
	</ThingDef>
  
  
	<!--=============== Training Devices ===============-->
  
  
 	<ThingDef ParentName="BuildingBase">
		<defName>Holodeck</defName>
		<label>Holosuite</label>
		<thingClass>SuperiorCrafting.Building_Holodeck</thingClass>
		<graphicPath>Things/Building/SCMisc/Holodeck1x2</graphicPath>
		<graphicClass>Graphic_Single</graphicClass>
		<altitudeLayer>Waist</altitudeLayer>
		<interactionCellOffset>(0,0,-1)</interactionCellOffset>
		<hasInteractionCell>true</hasInteractionCell>
		<statBases>
			<MaxHitPoints>180</MaxHitPoints>
			<WorkToMake>2250</WorkToMake>
			<Flammability>1.0</Flammability>
		</statBases>
		<passability>Impassable</passability>
		<castEdgeShadows>true</castEdgeShadows>
		<fillPercent>0.5</fillPercent>
		<tickerType>Normal</tickerType>
		<description>A man-able holosuite your colonists can use to practice their social skills with.</description>
		<size>(1,2)</size>
		<costList>
			<SteelBar>60</SteelBar>
			<Glass>30</Glass>
		</costList>
		<terrainAffordanceNeeded>Light</terrainAffordanceNeeded>
		<comps>
			<li>
				<compClass>CompMannable</compClass>
			</li>
			<li>
				<compClass>CompPowerTrader</compClass>
				<startElectricalFires>true</startElectricalFires>
				<basePowerConsumption>100</basePowerConsumption>
			</li>
		</comps>
		<leaveResourcesWhenKilled>false</leaveResourcesWhenKilled>
		<graphicOverdraw>False</graphicOverdraw>
		<pathCost>30</pathCost>
		<designationCategory>Misc</designationCategory>
		<graphicSunShadowInfo>
			<basewidth>0.3</basewidth>
			<baseHeight>0.3</baseHeight>
			<tallness>0.6</tallness>
		</graphicSunShadowInfo>
		<rotatable>true</rotatable>
		<researchPrerequisite>ElectricSmelting</researchPrerequisite>
	</ThingDef>


	<ThingDef ParentName="BuildingBase">
		<defName>CPRdummy</defName>
		<label>medical dummy</label>
		<thingClass>SuperiorCrafting.Building_CPRdummy</thingClass>
		<graphicPath>Things/Building/SCMisc/CPRdummy1x1</graphicPath>
		<graphicClass>Graphic_Single</graphicClass>
		<altitudeLayer>Waist</altitudeLayer>
		<interactionCellOffset>(0,0,-1)</interactionCellOffset>
		<hasInteractionCell>true</hasInteractionCell>
		<statBases>
			<MaxHitPoints>180</MaxHitPoints>
			<WorkToMake>2250</WorkToMake>
			<Flammability>1.0</Flammability>
		</statBases>
		<passability>Standable</passability>
		<castEdgeShadows>true</castEdgeShadows>
		<fillPercent>0.2</fillPercent>
		<tickerType>Normal</tickerType>
		<description>A man-able medical dummy your colonists can use to practice their medical skills with.</description>
		<size>(1,1)</size>
		<costList>
			<WoodPlank>30</WoodPlank>
			<SteelBar>60</SteelBar>
		</costList>
		<terrainAffordanceNeeded>Light</terrainAffordanceNeeded>
		<comps>
			<li>
				<compClass>CompMannable</compClass>
			</li>
		</comps>
		<leaveResourcesWhenKilled>false</leaveResourcesWhenKilled>
		<graphicOverdraw>False</graphicOverdraw>
		<pathCost>30</pathCost>
		<designationCategory>Misc</designationCategory>
		<graphicSunShadowInfo>
			<basewidth>0.3</basewidth>
			<baseHeight>0.3</baseHeight>
			<tallness>0.6</tallness>
		</graphicSunShadowInfo>
		<rotatable>true</rotatable>
		<researchPrerequisite>ElectricSmelting</researchPrerequisite>
	</ThingDef>
	
	
	<ThingDef ParentName="BuildingBase">
		<defName>PunchingBag</defName>
		<label>punching bag</label>
		<thingClass>SuperiorCrafting.Building_PunchingBag</thingClass>
		<graphicPath>Things/Building/SCMisc/PunchingBag1x1</graphicPath>
		<graphicClass>Graphic_Single</graphicClass>
		<graphicShaderType>CutoutComplex</graphicShaderType>
		<altitudeLayer>Waist</altitudeLayer>
		<interactionCellOffset>(0,0,-1)</interactionCellOffset>
		<hasInteractionCell>true</hasInteractionCell>
		<statBases>
			<MaxHitPoints>180</MaxHitPoints>
			<WorkToMake>2250</WorkToMake>
			<Flammability>1.0</Flammability>
		</statBases>
		<passability>Standable</passability>
		<castEdgeShadows>true</castEdgeShadows>
		<fillPercent>0.5</fillPercent>
		<tickerType>Normal</tickerType>
		<description>A man-able punching bag your colonists can use to practice their melee skills with.</description>
		<size>(1,1)</size>
		<costStuffCount>70</costStuffCount>
		<stuffCategories>
			<li>Leathery</li>
		</stuffCategories>
		<costList>
			<WoodPlank>30</WoodPlank>
			<SteelBar>30</SteelBar>
		</costList>
		<terrainAffordanceNeeded>Light</terrainAffordanceNeeded>
		<comps>
			<li>
				<compClass>CompMannable</compClass>
			</li>
		</comps>
		<leaveResourcesWhenKilled>false</leaveResourcesWhenKilled>
		<graphicOverdraw>False</graphicOverdraw>
		<pathCost>30</pathCost>
		<designationCategory>Misc</designationCategory>
		<graphicSunShadowInfo>
			<basewidth>0.3</basewidth>
			<baseHeight>0.3</baseHeight>
			<tallness>0.6</tallness>
		</graphicSunShadowInfo>
		<rotatable>true</rotatable>
		<researchPrerequisite>ElectricSmelting</researchPrerequisite>
	</ThingDef>
	
	
	<ThingDef ParentName="BuildingBase">
		<defName>ShootingRange</defName>
		<label>shooting range</label>
		<thingClass>SuperiorCrafting.Building_ShootingRange</thingClass>
		<graphicPath>Things/Building/SCMisc/ShootingRange1x6</graphicPath>
		<graphicClass>Graphic_Single</graphicClass>
		<altitudeLayer>Waist</altitudeLayer>
		<interactionCellOffset>(0,0,-3)</interactionCellOffset>
		<hasInteractionCell>true</hasInteractionCell>
		<statBases>
			<MaxHitPoints>180</MaxHitPoints>
			<WorkToMake>2250</WorkToMake>
			<Flammability>1.0</Flammability>
		</statBases>
		<passability>Standable</passability>
		<castEdgeShadows>true</castEdgeShadows>
		<fillPercent>0.2</fillPercent>
		<tickerType>Normal</tickerType>
		<description>A man-able shooting range your colonists can practice their shooting skills at.</description>
		<size>(1,6)</size>
		<costList>
			<WoodPlank>30</WoodPlank>
			<SteelBar>30</SteelBar>
			<Sand>30</Sand>
		</costList>
		<terrainAffordanceNeeded>Light</terrainAffordanceNeeded>
		<comps>
			<li>
				<compClass>CompMannable</compClass>
			</li>
		</comps>
		<leaveResourcesWhenKilled>false</leaveResourcesWhenKilled>
		<graphicOverdraw>False</graphicOverdraw>
		<pathCost>30</pathCost>
		<designationCategory>Misc</designationCategory>
		<graphicSunShadowInfo>
			<basewidth>0.3</basewidth>
			<baseHeight>0.3</baseHeight>
			<tallness>0.6</tallness>
		</graphicSunShadowInfo>
		<rotatable>true</rotatable>
		<researchPrerequisite>ElectricSmelting</researchPrerequisite>
	</ThingDef>

  
	<!-- Cryptosleep casket -->

  
	<ThingDef ParentName="BuildingBase">
		<defName>CryptosleepCasket</defName>
		<label>cryptosleep casket</label>
		<thingClass>Building_CryptosleepCasket</thingClass>
		<graphicPath>Things/Building/Ship/ShipCryptosleepCasket</graphicPath>
		<graphicClass>Graphic_Multi</graphicClass>
		<altitudeLayer>BuildingTall</altitudeLayer>
		<graphicOverdraw>true</graphicOverdraw>
		<passability>PassThroughOnly</passability>
		<pathCost>70</pathCost>
		<castEdgeShadows>true</castEdgeShadows>
		<fillPercent>0.5</fillPercent>
		<statBases>
			<WorkToMake>6375</WorkToMake>
			<MaxHitPoints>510</MaxHitPoints>
			<Flammability>1.0</Flammability>
		</statBases>
		<tickerType>Normal</tickerType>
		<description>A self-powered sarcophagus designed to keep a person in a state of suspended animation for many years.</description>
		<size>(1,2)</size>
		<designationCategory>Misc</designationCategory>
		<hasInteractionCell>true</hasInteractionCell>
		<interactionCellOffset>(1,0,0)</interactionCellOffset>
		<costList>
			<SteelBar>250</SteelBar>
			<Uranium>5</Uranium>
		</costList>
		<comps>
			<li>
				<compClass>CompExplosive</compClass>
				<explosiveRadius>2.66</explosiveRadius>
				<explosiveDamageType>Flame</explosiveDamageType>
			</li>
		</comps>
		<terrainAffordanceNeeded>Heavy</terrainAffordanceNeeded>
		<staticSunShadowHeight>1.0</staticSunShadowHeight>
		<researchPrerequisite>ShipCryptosleep</researchPrerequisite>
	</ThingDef>

  
	<ThingDef ParentName="BuildingBase">
		<defName>AncientCryptosleepCasket</defName>
		<label>ancient cryptosleep casket</label>
		<thingClass>Building_AncientCryptosleepCasket</thingClass>
		<graphicPath>Things/Building/Ship/ShipCryptosleepCasket</graphicPath>
		<graphicClass>Graphic_Multi</graphicClass>
		<altitudeLayer>BuildingTall</altitudeLayer>
		<graphicOverdraw>true</graphicOverdraw>
		<passability>PassThroughOnly</passability>
		<pathCost>70</pathCost>
		<castEdgeShadows>true</castEdgeShadows>
		<fillPercent>0.5</fillPercent>
		<statBases>
			<MaxHitPoints>250</MaxHitPoints>
			<Flammability>1.0</Flammability>
		</statBases>
		<tickerType>Normal</tickerType>
		<description>This cryptosleep casket looks like it has been here for a very long time. Who knows what it might contain?</description>
		<size>(1,2)</size>
		<hasInteractionCell>true</hasInteractionCell>
		<interactionCellOffset>(1,0,0)</interactionCellOffset>
		<costList>
			<SteelBar>250</SteelBar>
			<Uranium>5</Uranium>
		</costList>
		<killedLeavings>
			<ChunkSlagSteel>1</ChunkSlagSteel>
			<Steel>25</Steel>
			<Uranium>3</Uranium>
		</killedLeavings>
		<comps>
			<li>
				<compClass>CompExplosive</compClass>
				<explosiveRadius>2.66</explosiveRadius>
				<explosiveDamageType>Flame</explosiveDamageType>
			</li>
		</comps>
		<leaveResourcesWhenKilled>false</leaveResourcesWhenKilled>
		<terrainAffordanceNeeded>Heavy</terrainAffordanceNeeded>
		<staticSunShadowHeight>1.0</staticSunShadowHeight>
	</ThingDef>


</Buildings>