﻿<?xml version="1.0" encoding="utf-8" ?>
<ThingDefs>

	<ThingDef Name="BuildingBase" Abstract="True">
		<category>Building</category>
		<soundImpactDefault>BulletImpactMetal</soundImpactDefault>
		<selectable>true</selectable>
		<drawerType>MapMeshAndRealTime</drawerType>
		<terrainAffordanceNeeded>Light</terrainAffordanceNeeded>
		<repairEffect>Repair</repairEffect>
		<leaveResourcesWhenKilled>true</leaveResourcesWhenKilled>
		<filthLeaving>BuildingRubble</filthLeaving>
	</ThingDef>
	
	
	<!--========================= Sandbags =============================-->


	<ThingDef ParentName="BuildingBase">
		<defName>Sandbags</defName>
		<label>sandbags</label>
		<thingClass>Building</thingClass>
		<linkDrawerType>Basic</linkDrawerType>
		<category>Building</category>
		<graphicPath>Things/Building/Linked/Sandbags_Atlas</graphicPath>
		<graphicClass>Graphic_Single</graphicClass>
		<blueprintgraphicPath>Things/Building/Linked/Sandbags_Blueprint_Atlas</blueprintgraphicPath>
		<uiIconPath>Things/Building/Linked/Sandbags_MenuIcon</uiIconPath>
		<linkFlags>
			<li>Sandbags</li>
		</linkFlags>
		<altitudeLayer>Waist</altitudeLayer>
		<pathCost>40</pathCost>
		<passability>PassThroughOnly</passability>
		<castEdgeShadows>true</castEdgeShadows>
		<fillPercent>0.65</fillPercent>
		<statBases>
			<MaxHitPoints>300</MaxHitPoints>
			<Beauty>-10</Beauty>
			<WorkToMake>125</WorkToMake>
			<Flammability>0</Flammability>
		</statBases>
		<description>A sandbag barrier that provides cover from gunfire.</description>
		<placingDraggableDimensions>1</placingDraggableDimensions>
		<costList>
			<Sand>5</Sand>
		</costList>
		<filthLeaving>SandbagRubble</filthLeaving>
		<rotatable>false</rotatable>
		<selectable>true</selectable>
		<neverMultiSelect>true</neverMultiSelect>
		<terrainAffordanceNeeded>Light</terrainAffordanceNeeded>
		<designationCategory>Security</designationCategory>
		<staticSunShadowHeight>0.20</staticSunShadowHeight>
		<constructEffect>ConstructDirt</constructEffect>
		<repairEffect>ConstructDirt</repairEffect>
	</ThingDef>
  
  
	<!--========================= Embrasures =============================-->
	
	
	<ThingDef ParentName="BuildingBase">
		<defName>StoneEmbrasure</defName>
		<label>embrasure</label>
		<thingClass>Building</thingClass>
		<linkDrawerType>Basic</linkDrawerType>
		<category>Building</category>
		<graphicPath>Things/Building/SCSecurity/StoneEmbrasure_Atlas</graphicPath>
		<graphicClass>Graphic_Single</graphicClass>
		<graphicShaderType>CutoutComplex</graphicShaderType>
		<blueprintgraphicPath>Things/Building/Linked/Sandbags_Blueprint_Atlas</blueprintgraphicPath>
		<uiIconPath>Things/Building/SCSecurity/StoneEmbrasure_MenuIcon</uiIconPath>
		<linkFlags>
			<li>Custom2</li>
		</linkFlags>
		<altitudeLayer>Waist</altitudeLayer>
		<passability>Impassable</passability>
		<castEdgeShadows>true</castEdgeShadows>
		<fillPercent>0.9</fillPercent>
		<statBases>
			<MaxHitPoints>350</MaxHitPoints>
			<Beauty>-10</Beauty>
			<WorkToMake>250</WorkToMake>
			<Flammability>0</Flammability>
		</statBases>
		<description>A stone embrasure that provides exceptional cover from gunfire.</description>
		<placingDraggableDimensions>1</placingDraggableDimensions>
		<costStuffCount>10</costStuffCount>
	    <stuffCategories>
			<li>Stony</li>
		</stuffCategories>
		<filthLeaving>SandbagRubble</filthLeaving>
		<rotatable>false</rotatable>
		<selectable>true</selectable>
		<neverMultiSelect>true</neverMultiSelect>
		<terrainAffordanceNeeded>Light</terrainAffordanceNeeded>
		<designationCategory>Security</designationCategory>
		<staticSunShadowHeight>0.20</staticSunShadowHeight>
		<repairEffect>ConstructDirt</repairEffect>
		<researchPrerequisite>Embrasures</researchPrerequisite>
	</ThingDef>
	

	<!--=============== Manned turrets ===============-->
	
	
	<ThingDef ParentName="BuildingBase">
		<defName>TurretGunManned</defName>
		<label>manned turret</label>
		<thingClass>Building_TurretGun</thingClass>
		<graphicPath>Things/Building/SCSecurity/MannedGun_bottom</graphicPath>
		<uiIconPath>Things/Building/SCSecurity/MannedGunIco</uiIconPath>
		<graphicClass>Graphic_Single</graphicClass>
		<altitudeLayer>Waist</altitudeLayer>
		<hasInteractionCell>True</hasInteractionCell>
		<interactionCellOffset>(0,0,-1)</interactionCellOffset>
		<statBases>
			<MaxHitPoints>500</MaxHitPoints>
			<Flammability>1.0</Flammability>
			<WorkToMake>6250</WorkToMake>
			<Beauty>-60</Beauty>
		</statBases>
		<tickerType>Normal</tickerType>
		<comps>
			<li>
				<compClass>CompExplosive</compClass>
				<explosiveRadius>3.9</explosiveRadius>
				<explosiveDamageType>Bomb</explosiveDamageType>
			</li>
			<li>
				<compClass>CompForbiddable</compClass>
			</li>
			<li>
				<compClass>CompMannable</compClass>
			</li>
		</comps>
		<description>A simple turret that can be manned to fire at nearby enemies. Explodes when damaged.
Range:	 35
Damage:   7
Burst:	  3</description>
		<size>(1,1)</size>
		<passability>Impassable</passability>
		<castEdgeShadows>true</castEdgeShadows>
		<fillPercent>0.4</fillPercent>
		<graphicOverdraw>true</graphicOverdraw>
		<hasTooltip>true</hasTooltip>
		<costList>
			<SteelBar>250</SteelBar>
		</costList>
		<combatTargetBuilding>true</combatTargetBuilding>
		<terrainAffordanceNeeded>Light</terrainAffordanceNeeded>
		<designationCategory>Security</designationCategory>
		<specialDisplayRadius>34.9</specialDisplayRadius>
		<building>
			<turretGunDef>Gun_TurretImprovised</turretGunDef>
			<turretBurstCooldownTicks>400</turretBurstCooldownTicks>
			<turretTopgraphicPath>Things/Building/SCSecurity/SentryGun_Top</turretTopgraphicPath>
		</building>
		<researchPrerequisite>SecurityI</researchPrerequisite>
	</ThingDef>
	
	
	<ThingDef ParentName="BuildingBase">
		<defName>TurretGunMannedGatling</defName>
		<label>manned gatling turret</label>
		<thingClass>Building_TurretGun</thingClass>
		<graphicPath>Things/Building/SCSecurity/MannedGun_bottom</graphicPath>
		<uiIconPath>Things/Building/SCSecurity/MannedGunGatlingIco</uiIconPath>
		<graphicClass>Graphic_Single</graphicClass>
		<altitudeLayer>Waist</altitudeLayer>
		<hasInteractionCell>True</hasInteractionCell>
		<interactionCellOffset>(0,0,-1)</interactionCellOffset>
		<statBases>
			<MaxHitPoints>500</MaxHitPoints>
			<Flammability>1.0</Flammability>
			<WorkToMake>6250</WorkToMake>
			<Beauty>-60</Beauty>
		</statBases>
		<tickerType>Normal</tickerType>
		<comps>
			<li>
				<compClass>CompExplosive</compClass>
				<explosiveRadius>3.9</explosiveRadius>
				<explosiveDamageType>Bomb</explosiveDamageType>
			</li>
			<li>
				<compClass>CompForbiddable</compClass>
			</li>
			<li>
				<compClass>CompMannable</compClass>
			</li>
		</comps>
		<description>A gatling turret that can be manned to fire at nearby enemies. Explodes when damaged.
Range:	 32
Damage:   8
Burst:	 30</description>
		<size>(1,1)</size>
		<passability>Impassable</passability>
		<castEdgeShadows>true</castEdgeShadows>
		<fillPercent>0.4</fillPercent>
		<graphicOverdraw>true</graphicOverdraw>
		<hasTooltip>true</hasTooltip>
		<costList>
			<SteelBar>250</SteelBar>
		</costList>
		<combatTargetBuilding>true</combatTargetBuilding>
		<terrainAffordanceNeeded>Light</terrainAffordanceNeeded>
		<designationCategory>Security</designationCategory>
		<specialDisplayRadius>31.9</specialDisplayRadius>
		<building>
			<turretGunDef>Gun_TurretGatling</turretGunDef>
			<turretBurstCooldownTicks>300</turretBurstCooldownTicks>
			<turretTopgraphicPath>Things/Building/SCSecurity/SentryGunGatling_Top</turretTopgraphicPath>
		</building>
		<researchPrerequisite>SpecializedMannedTurrets</researchPrerequisite>
	</ThingDef>
	
	
	<ThingDef ParentName="BuildingBase">
		<defName>TurretGunMannedShotgun</defName>
		<label>manned shotgun turret</label>
		<thingClass>Building_TurretGun</thingClass>
		<graphicPath>Things/Building/SCSecurity/MannedGun_bottom</graphicPath>
		<uiIconPath>Things/Building/SCSecurity/MannedGunShotgunIco</uiIconPath>
		<graphicClass>Graphic_Single</graphicClass>
		<altitudeLayer>Waist</altitudeLayer>
		<hasInteractionCell>True</hasInteractionCell>
		<interactionCellOffset>(0,0,-1)</interactionCellOffset>
		<statBases>
			<MaxHitPoints>500</MaxHitPoints>
			<Flammability>1.0</Flammability>
			<WorkToMake>6250</WorkToMake>
			<Beauty>-60</Beauty>
		</statBases>
		<tickerType>Normal</tickerType>
		<comps>
			<li>
				<compClass>CompExplosive</compClass>
				<explosiveRadius>3.9</explosiveRadius>
				<explosiveDamageType>Bomb</explosiveDamageType>
			</li>
			<li>
				<compClass>CompForbiddable</compClass>
			</li>
			<li>
				<compClass>CompMannable</compClass>
			</li>
		</comps>
		<description>A shotgun turret that can be manned to fire at nearby enemies. Explodes when damaged.
Range:	 16
Damage:  20
Burst:	  1</description>
		<size>(1,1)</size>
		<passability>Impassable</passability>
		<castEdgeShadows>true</castEdgeShadows>
		<fillPercent>0.4</fillPercent>
		<graphicOverdraw>true</graphicOverdraw>
		<hasTooltip>true</hasTooltip>
		<costList>
			<SteelBar>250</SteelBar>
		</costList>
		<combatTargetBuilding>true</combatTargetBuilding>
		<terrainAffordanceNeeded>Light</terrainAffordanceNeeded>
		<designationCategory>Security</designationCategory>
		<specialDisplayRadius>15.9</specialDisplayRadius>
		<building>
			<turretGunDef>Gun_TurretShotgun</turretGunDef>
			<turretBurstCooldownTicks>240</turretBurstCooldownTicks>
			<turretTopgraphicPath>Things/Building/SCSecurity/SentryGunShotgun_Top</turretTopgraphicPath>
		</building>
		<researchPrerequisite>SpecializedMannedTurrets</researchPrerequisite>
	</ThingDef>
	
	
	<ThingDef ParentName="BuildingBase">
		<defName>TurretGunMannedSniper</defName>
		<label>manned sniper turret</label>
		<thingClass>Building_TurretGun</thingClass>
		<graphicPath>Things/Building/SCSecurity/MannedGun_bottom</graphicPath>
		<uiIconPath>Things/Building/SCSecurity/MannedGunSniperIco</uiIconPath>
		<graphicClass>Graphic_Single</graphicClass>
		<altitudeLayer>Waist</altitudeLayer>
		<hasInteractionCell>True</hasInteractionCell>
		<interactionCellOffset>(0,0,-1)</interactionCellOffset>
		<statBases>
			<MaxHitPoints>500</MaxHitPoints>
			<Flammability>1.0</Flammability>
			<WorkToMake>6250</WorkToMake>
			<Beauty>-60</Beauty>
		</statBases>
		<tickerType>Normal</tickerType>
		<comps>
			<li>
				<compClass>CompExplosive</compClass>
				<explosiveRadius>3.9</explosiveRadius>
				<explosiveDamageType>Bomb</explosiveDamageType>
			</li>
			<li>
				<compClass>CompForbiddable</compClass>
			</li>
			<li>
				<compClass>CompMannable</compClass>
			</li>
		</comps>
		<description>A sniper turret that can be manned to fire at nearby enemies. Explodes when damaged.
Range:	 45
Damage:  40
Burst:	  1</description>
		<size>(1,1)</size>
		<passability>Impassable</passability>
		<castEdgeShadows>true</castEdgeShadows>
		<fillPercent>0.4</fillPercent>
		<graphicOverdraw>true</graphicOverdraw>
		<hasTooltip>true</hasTooltip>
		<costList>
			<SteelBar>250</SteelBar>
		</costList>
		<combatTargetBuilding>true</combatTargetBuilding>
		<terrainAffordanceNeeded>Light</terrainAffordanceNeeded>
		<designationCategory>Security</designationCategory>
		<specialDisplayRadius>44.9</specialDisplayRadius>
		<building>
			<turretGunDef>Gun_TurretSniper</turretGunDef>
			<turretBurstWarmupTicks>240</turretBurstWarmupTicks>
			<turretburstCooldownTicks>240</turretburstCooldownTicks>
			<turretTopgraphicPath>Things/Building/SCSecurity/SentryGunSniper_Top</turretTopgraphicPath>
		</building>
		<researchPrerequisite>SpecializedMannedTurrets</researchPrerequisite>
	</ThingDef>
	
	
	<!--=============== AI turrets ===============-->
  
  
	<ThingDef ParentName="BuildingBase">
		<defName>TurretGun</defName>
		<label>sentry turret</label>
		<thingClass>Building_TurretGun</thingClass>
		<graphicPath>Things/Building/SCSecurity/SentryGun_bottom</graphicPath>
		<uiIconPath>Things/Building/SCSecurity/SentryGunIco</uiIconPath>
		<graphicClass>Graphic_Single</graphicClass>
		<altitudeLayer>Waist</altitudeLayer>
		<statBases>
			<MaxHitPoints>550</MaxHitPoints>
			<Flammability>1.0</Flammability>
			<WorkToMake>6875</WorkToMake>
			<Beauty>-60</Beauty>
		</statBases>
		<tickerType>Normal</tickerType>
		<comps>
			<li>
				<compClass>CompExplosive</compClass>
				<explosiveRadius>3.9</explosiveRadius>
				<explosiveDamageType>Bomb</explosiveDamageType>
			</li>
			<li>
				<compClass>CompForbiddable</compClass>
			</li>
			<li>
				<compClass>CompPowerTrader</compClass>
				<basePowerConsumption>350</basePowerConsumption>
			</li>
		</comps>
		<description>A simple auto-turret that can fire at nearby enemies. Explodes when damaged.
Range:	 35
Damage:   7
Burst:	  3</description>
		<size>(1,1)</size>
		<passability>Impassable</passability>
		<castEdgeShadows>true</castEdgeShadows>
		<fillPercent>0.4</fillPercent>
		<graphicOverdraw>true</graphicOverdraw>
		<hasTooltip>true</hasTooltip>
		<costList>
			<SteelBar>250</SteelBar>
			<Electronics>50</Electronics>
		</costList>
		<combatTargetBuilding>true</combatTargetBuilding>
		<terrainAffordanceNeeded>Light</terrainAffordanceNeeded>
		<designationCategory>Security</designationCategory>
		<specialDisplayRadius>34.9</specialDisplayRadius>
		<building>
			<turretGunDef>Gun_TurretImprovised</turretGunDef>
			<turretBurstCooldownTicks>400</turretBurstCooldownTicks>
			<turretTopgraphicPath>Things/Building/SCSecurity/SentryGun_Top</turretTopgraphicPath>
		</building>
		<researchPrerequisite>GunTurretCooling</researchPrerequisite>
	</ThingDef>
	
	
	<ThingDef ParentName="BuildingBase">
		<defName>TurretGunGatling</defName>
		<label>gatling sentry turret</label>
		<thingClass>Building_TurretGun</thingClass>
		<graphicPath>Things/Building/SCSecurity/SentryGun_bottom</graphicPath>
		<uiIconPath>Things/Building/SCSecurity/SentryGunGatlingIco</uiIconPath>
		<graphicClass>Graphic_Single</graphicClass>
		<altitudeLayer>Waist</altitudeLayer>
		<statBases>
			<MaxHitPoints>550</MaxHitPoints>
			<Flammability>1.0</Flammability>
			<WorkToMake>6875</WorkToMake>
			<Beauty>-60</Beauty>
		</statBases>
		<tickerType>Normal</tickerType>
		<comps>
			<li>
				<compClass>CompExplosive</compClass>
				<explosiveRadius>3.9</explosiveRadius>
				<explosiveDamageType>Bomb</explosiveDamageType>
			</li>
			<li>
				<compClass>CompForbiddable</compClass>
			</li>
			<li>
				<compClass>CompPowerTrader</compClass>
				<basePowerConsumption>350</basePowerConsumption>
			</li>
		</comps>
		<description>A gatling sentry turret that can be manned to fire at nearby enemies. Explodes when damaged.
Range:	 32
Damage:   8
Burst:	 30</description>
		<size>(1,1)</size>
		<passability>Impassable</passability>
		<castEdgeShadows>true</castEdgeShadows>
		<fillPercent>0.4</fillPercent>
		<graphicOverdraw>true</graphicOverdraw>
		<hasTooltip>true</hasTooltip>
		<costList>
			<SteelBar>250</SteelBar>
			<Electronics>50</Electronics>
		</costList>
		<combatTargetBuilding>true</combatTargetBuilding>
		<terrainAffordanceNeeded>Light</terrainAffordanceNeeded>
		<designationCategory>Security</designationCategory>
		<specialDisplayRadius>31.9</specialDisplayRadius>
		<building>
			<turretGunDef>Gun_TurretGatling</turretGunDef>
			<turretBurstCooldownTicks>300</turretBurstCooldownTicks>
			<turretTopgraphicPath>Things/Building/SCSecurity/SentryGunGatling_Top</turretTopgraphicPath>
		</building>
		<researchPrerequisite>SpecializedAITurrets</researchPrerequisite>
	</ThingDef>
	
	
	<ThingDef ParentName="BuildingBase">
		<defName>TurretGunShotgun</defName>
		<label>shotgun sentry turret</label>
		<thingClass>Building_TurretGun</thingClass>
		<graphicPath>Things/Building/SCSecurity/SentryGun_bottom</graphicPath>
		<uiIconPath>Things/Building/SCSecurity/SentryGunShotgunIco</uiIconPath>
		<graphicClass>Graphic_Single</graphicClass>
		<altitudeLayer>Waist</altitudeLayer>
		<statBases>
			<MaxHitPoints>550</MaxHitPoints>
			<Flammability>1.0</Flammability>
			<WorkToMake>6875</WorkToMake>
			<Beauty>-60</Beauty>
		</statBases>
		<tickerType>Normal</tickerType>
		<comps>
			<li>
				<compClass>CompExplosive</compClass>
				<explosiveRadius>3.9</explosiveRadius>
				<explosiveDamageType>Bomb</explosiveDamageType>
			</li>
			<li>
				<compClass>CompForbiddable</compClass>
			</li>
			<li>
				<compClass>CompPowerTrader</compClass>
				<basePowerConsumption>350</basePowerConsumption>
			</li>
		</comps>
		<description>A shotgun turret that can be manned to fire at nearby enemies. Explodes when damaged.
Range:	 16
Damage:  20
Burst:	  1</description>
		<size>(1,1)</size>
		<passability>Impassable</passability>
		<castEdgeShadows>true</castEdgeShadows>
		<fillPercent>0.4</fillPercent>
		<graphicOverdraw>true</graphicOverdraw>
		<hasTooltip>true</hasTooltip>
		<costList>
			<SteelBar>250</SteelBar>
			<Electronics>50</Electronics>
		</costList>
		<combatTargetBuilding>true</combatTargetBuilding>
		<terrainAffordanceNeeded>Light</terrainAffordanceNeeded>
		<designationCategory>Security</designationCategory>
		<specialDisplayRadius>15.9</specialDisplayRadius>
		<building>
			<turretGunDef>Gun_TurretShotgun</turretGunDef>
			<turretBurstCooldownTicks>240</turretBurstCooldownTicks>
			<turretTopgraphicPath>Things/Building/SCSecurity/SentryGunShotgun_Top</turretTopgraphicPath>
		</building>
		<researchPrerequisite>SpecializedAITurrets</researchPrerequisite>
	</ThingDef>
	
	
	<ThingDef ParentName="BuildingBase">
		<defName>TurretGunSniper</defName>
		<label>sniper sentry turret</label>
		<thingClass>Building_TurretGun</thingClass>
		<graphicPath>Things/Building/SCSecurity/SentryGun_bottom</graphicPath>
		<uiIconPath>Things/Building/SCSecurity/SentryGunSniperIco</uiIconPath>
		<graphicClass>Graphic_Single</graphicClass>
		<altitudeLayer>Waist</altitudeLayer>
		<statBases>
			<MaxHitPoints>550</MaxHitPoints>
			<Flammability>1.0</Flammability>
			<WorkToMake>6875</WorkToMake>
			<Beauty>-60</Beauty>
		</statBases>
		<tickerType>Normal</tickerType>
		<comps>
			<li>
				<compClass>CompExplosive</compClass>
				<explosiveRadius>3.9</explosiveRadius>
				<explosiveDamageType>Bomb</explosiveDamageType>
			</li>
			<li>
				<compClass>CompForbiddable</compClass>
			</li>
			<li>
				<compClass>CompPowerTrader</compClass>
				<basePowerConsumption>350</basePowerConsumption>
			</li>
		</comps>
		<description>A sniper turret that can be manned to fire at nearby enemies. Explodes when damaged.
Range:	 45
Damage:  40
Burst:	  1</description>
		<size>(1,1)</size>
		<passability>Impassable</passability>
		<castEdgeShadows>true</castEdgeShadows>
		<fillPercent>0.4</fillPercent>
		<graphicOverdraw>true</graphicOverdraw>
		<hasTooltip>true</hasTooltip>
		<costList>
			<SteelBar>250</SteelBar>
			<Electronics>50</Electronics>
		</costList>
		<combatTargetBuilding>true</combatTargetBuilding>
		<terrainAffordanceNeeded>Light</terrainAffordanceNeeded>
		<designationCategory>Security</designationCategory>
		<specialDisplayRadius>44.9</specialDisplayRadius>
		<building>
			<turretGunDef>Gun_TurretSniper</turretGunDef>
			<turretBurstWarmupTicks>240</turretBurstWarmupTicks>
			<turretBurstCooldownTicks>240</turretBurstCooldownTicks>
			<turretTopgraphicPath>Things/Building/SCSecurity/SentryGunSniper_Top</turretTopgraphicPath>
		</building>
		<researchPrerequisite>SpecializedAITurrets</researchPrerequisite>
	</ThingDef>


	<!--=============== Mortar turret ===============-->
  
  
	<ThingDef ParentName="BuildingBase">
		<defName>Turret_MortarIncendiary</defName>
		<label>incendiary mortar</label>
		<thingClass>Building_TurretGun</thingClass>
		<graphicPath>Things/Building/Security/TurretMortarBase</graphicPath>
		<graphicClass>Graphic_Single</graphicClass>
		<altitudeLayer>Waist</altitudeLayer>
		<hasInteractionCell>True</hasInteractionCell>
		<interactionCellOffset>(0,0,-1)</interactionCellOffset>
		<statBases>
			<MaxHitPoints>500</MaxHitPoints>
			<Flammability>1.0</Flammability>
			<WorkToMake>6250</WorkToMake>
			<Beauty>-60</Beauty>
		</statBases>
		<tickerType>Normal</tickerType>
		<comps>
			<li>
				<compClass>CompExplosive</compClass>
				<explosiveRadius>4.9</explosiveRadius>
				<explosiveDamageType>Flame</explosiveDamageType>
			</li>
			<li>
				<compClass>CompForbiddable</compClass>
			</li>
			<li>
				<compClass>CompMannable</compClass>
			</li>
		</comps>
		<description>A mortar that launches incendiary shells. Must be manned. Explodes when damaged.</description>
		<size>(2,2)</size>
		<passability>Impassable</passability>
		<castEdgeShadows>true</castEdgeShadows>
		<fillPercent>0.4</fillPercent>
		<stuffCategories>
			<li>Metallic</li>
		</stuffCategories>
		<costStuffCount>100</costStuffCount>
		<costList>
			<SteelBar>150</SteelBar>
		</costList>
		<graphicOverdraw>true</graphicOverdraw>
		<combatTargetBuilding>true</combatTargetBuilding>
		<terrainAffordanceNeeded>Light</terrainAffordanceNeeded>
		<designationCategory>Security</designationCategory>
		<building>
			<turretGunDef>Artillery_MortarIncendiary</turretGunDef>
			<turretShellDef>ArtilleryShell</turretShellDef>
			<turretBurstWarmupTicks>300</turretBurstWarmupTicks>
			<turretBurstCooldownTicks>3000</turretBurstCooldownTicks>
			<turretTopgraphicPath>Things/Building/Security/TurretMortarIncendiary_Top</turretTopgraphicPath>
			<buildingTags>
				<li>Artillery</li>
				<li>Artillery_BaseDestroyer</li>
			</buildingTags>
		</building>
		<placeWorkers>
			<li>PlaceWorker_NotUnderRoof</li>
		</placeWorkers>
		<researchPrerequisite>Mortars</researchPrerequisite>
	</ThingDef>


	<ThingDef ParentName="BuildingBase">
		<defName>Turret_MortarBomb</defName>
		<label>mortar</label>
		<thingClass>Building_TurretGun</thingClass>
		<graphicPath>Things/Building/Security/TurretMortarBase</graphicPath>
		<graphicClass>Graphic_Single</graphicClass>
		<altitudeLayer>Waist</altitudeLayer>
		<hasInteractionCell>True</hasInteractionCell>
		<interactionCellOffset>(0,0,-1)</interactionCellOffset>
		<statBases>
			<MaxHitPoints>500</MaxHitPoints>
			<Flammability>1.0</Flammability>
			<WorkToMake>6250</WorkToMake>
			<Beauty>-60</Beauty>
		</statBases>
		<tickerType>Normal</tickerType>
		<comps>
			<li>
				<compClass>CompExplosive</compClass>
				<explosiveRadius>4.9</explosiveRadius>
				<explosiveDamageType>Bomb</explosiveDamageType>
			</li>
			<li>
				<compClass>CompForbiddable</compClass>
			</li>
			<li>
				<compClass>CompMannable</compClass>
			</li>
		</comps>
		<description>A mortar that launches explosive shells. Must be manned. Explodes when damaged.</description>
		<size>(2,2)</size>
		<passability>Impassable</passability>
		<castEdgeShadows>true</castEdgeShadows>
		<fillPercent>0.4</fillPercent>
		<stuffCategories>
			<li>Metallic</li>
		</stuffCategories>
		<costStuffCount>100</costStuffCount>
		<costList>
			<SteelBar>150</SteelBar>
		</costList>
		<graphicOverdraw>true</graphicOverdraw>
		<combatTargetBuilding>true</combatTargetBuilding>
		<terrainAffordanceNeeded>Light</terrainAffordanceNeeded>
		<designationCategory>Security</designationCategory>
		<building>
			<turretGunDef>Artillery_MortarBomb</turretGunDef>
			<turretShellDef>ArtilleryShell</turretShellDef>
			<turretBurstWarmupTicks>300</turretBurstWarmupTicks>
			<turretBurstCooldownTicks>3000</turretBurstCooldownTicks>
			<turretTopgraphicPath>Things/Building/Security/TurretMortarBomb_Top</turretTopgraphicPath>
			<buildingTags>
				<li>Artillery</li>
				<li>Artillery_BaseDestroyer</li>
			</buildingTags>
		</building>
		<placeWorkers>
			<li>PlaceWorker_NotUnderRoof</li>
		</placeWorkers>
		<researchPrerequisite>Mortars</researchPrerequisite>
	</ThingDef>


	<ThingDef ParentName="BuildingBase">
		<defName>Turret_MortarEMP</defName>
		<label>EMP mortar</label>
		<thingClass>Building_TurretGun</thingClass>
		<graphicPath>Things/Building/Security/TurretMortarBase</graphicPath>
		<graphicClass>Graphic_Single</graphicClass>
		<altitudeLayer>Waist</altitudeLayer>
		<hasInteractionCell>True</hasInteractionCell>
		<interactionCellOffset>(0,0,-1)</interactionCellOffset>
		<statBases>
			<MaxHitPoints>500</MaxHitPoints>
			<Flammability>1.0</Flammability>
			<WorkToMake>6250</WorkToMake>
			<Beauty>-60</Beauty>
		</statBases>
		<tickerType>Normal</tickerType>
		<comps>
			<li>
				<compClass>CompExplosive</compClass>
				<explosiveRadius>4.9</explosiveRadius>
				<explosiveDamageType>EMP</explosiveDamageType>
			</li>
			<li>
				<compClass>CompForbiddable</compClass>
			</li>
			<li>
				<compClass>CompMannable</compClass>
			</li>
		</comps>
		<description>A mortar that launches EMP bombs. Must be manned. Explodes when damaged.</description>
		<size>(2,2)</size>
		<passability>Impassable</passability>
		<castEdgeShadows>true</castEdgeShadows>
		<fillPercent>0.4</fillPercent>
		<stuffCategories>
			<li>Metallic</li>
		</stuffCategories>
		<costStuffCount>100</costStuffCount>
		<costList>
			<SteelBar>150</SteelBar>
		</costList>
		<graphicOverdraw>true</graphicOverdraw>
		<combatTargetBuilding>true</combatTargetBuilding>
		<terrainAffordanceNeeded>Light</terrainAffordanceNeeded>
		<designationCategory>Security</designationCategory>
		<building>
			<turretGunDef>Artillery_MortarEMP</turretGunDef>
			<turretShellDef>ArtilleryShell</turretShellDef>
			<turretBurstWarmupTicks>300</turretBurstWarmupTicks>
			<turretBurstCooldownTicks>3000</turretBurstCooldownTicks>
			<turretTopgraphicPath>Things/Building/Security/TurretMortarEMP_Top</turretTopgraphicPath>
			<buildingTags>
				<li>Artillery</li>
			</buildingTags>
		</building>
		<placeWorkers>
			<li>PlaceWorker_NotUnderRoof</li>
		</placeWorkers>
		<researchPrerequisite>Mortars</researchPrerequisite>
	</ThingDef>
	
	
	<!--=============== Jaxxa Shields ===============-->
	
	
	<ThingDef Class="Enhanced_Defence.Shields.ShieldBuildingThingDef" ParentName="BuildingBase" Name="ShieldBase" Abstract="True">
		<category>Building</category>
		<altitudeLayer>BuildingTall</altitudeLayer>
		<leaveResourcesWhenKilled>true</leaveResourcesWhenKilled>
		<blockLight>true</blockLight>
		<drawerType>MapMeshAndRealTime</drawerType>
		<graphicOverdraw>false</graphicOverdraw>
		<staticSunShadowHeight>1.0</staticSunShadowHeight>
		<fillPercent>1</fillPercent>
		<size>(1,1)</size>
		<rotatable>false</rotatable>
		<terrainAffordanceNeeded>Light</terrainAffordanceNeeded>
		<designationCategory>Security</designationCategory>
		<holdsRoof>false</holdsRoof>
		<specialDisplayRadius>8</specialDisplayRadius>
		<statBases>
			<MaxHitPoints>500</MaxHitPoints>
			<WorkToMake>2000</WorkToMake>
			<Flammability>1.0</Flammability>
			<Beauty>-2</Beauty>
		</statBases>
		<passability>Impassable</passability>
		<combatTargetBuilding>true</combatTargetBuilding>
		<selectable>true</selectable>
		<tickerType>Normal</tickerType>
	</ThingDef>
	
	<ThingDef Class="Enhanced_Defence.Shields.ShieldBuildingThingDef" ParentName="ShieldBase">
		<defName>Building_ShieldStandard</defName>
		<label>sabre force shield</label>
		<description>Creates shield field to protect important infrastructure.</description>
		<thingClass>Enhanced_Defence.Shields.Building_Shield</thingClass>
		<graphicPath>Things/ShieldBuilding_Blue</graphicPath>
		<graphicClass>Graphic_Single</graphicClass>
		<uiIconPath>Things/ShieldBuilding_Blue</uiIconPath>
		<costList>
			<SteelBar>100</SteelBar>
			<PlasteelBar>100</PlasteelBar>
			<Electronics>50</Electronics>
		</costList>
		<comps>
			<li>
				<compClass>CompPowerTrader</compClass>
				<basePowerConsumption>1000</basePowerConsumption>
			</li>
		</comps>
	
		<shieldMaxShieldStrength>2000</shieldMaxShieldStrength>
		<shieldInitialShieldStrength>100</shieldInitialShieldStrength>
		<shieldShieldRadius>8</shieldShieldRadius>

		<shieldPowerRequiredCharging>-1500</shieldPowerRequiredCharging>
		<shieldPowerRequiredSustaining>-1000</shieldPowerRequiredSustaining>
		
		<shieldBlockIndirect>true</shieldBlockIndirect>
		<shieldBlockDirect>true</shieldBlockDirect>
		<shieldFireSupression>true</shieldFireSupression>
		<shieldInterceptDropPod>false</shieldInterceptDropPod>
		
		<shieldStructuralIntegrityMode>false</shieldStructuralIntegrityMode>
		
		<shieldRechargeTickDelay>15</shieldRechargeTickDelay>
		<shieldRecoverWarmup>900</shieldRecoverWarmup>
		
		<colourRed>0.0</colourRed>
		<colourGreen>0.3764705882352941</colourGreen>
		<colourBlue>0.7294117647058823</colourBlue>
		<researchPrerequisite>SecurityIV</researchPrerequisite>
	</ThingDef>
	
	
  	<ThingDef Class="Enhanced_Defence.Shields.ShieldBuildingThingDef" ParentName="ShieldBase">
		<defName>Building_Shield_Fortress</defName>
		<label>CRAM fortress shield</label>
		<description>By refocusing the primary coil system into a vertical configuration the shields range can be extended, while lacking the flexability of the Fire Supression mode it does cover a large area and gain the ability to disrupt the avionic systems of DropPods, caulsing failure of their decent rockets and therefore a terminal velocity impact.</description>
		<thingClass>Enhanced_Defence.Shields.Building_Shield</thingClass>
		<graphicPath>Things/ShieldBuilding_Green</graphicPath>
		<graphicClass>Graphic_Single</graphicClass>
		<uiIconPath>Things/ShieldBuilding_Green</uiIconPath>
		<costList>
			<SteelBar>250</SteelBar>
			<PlasteelBar>250</PlasteelBar>
			<Electronics>100</Electronics>
		</costList>
		<comps>
			<li>
				<compClass>CompPowerTrader</compClass>
				<basePowerConsumption>1000</basePowerConsumption>
			</li>
		</comps>
		<size>(2,2)</size>
		<specialDisplayRadius>20</specialDisplayRadius>
		
		<shieldMaxShieldStrength>8000</shieldMaxShieldStrength>
		<shieldInitialShieldStrength>100</shieldInitialShieldStrength>
		<shieldShieldRadius>20</shieldShieldRadius>

		<shieldPowerRequiredCharging>-5000</shieldPowerRequiredCharging>
		<shieldPowerRequiredSustaining>-2500</shieldPowerRequiredSustaining>
		
		<shieldBlockIndirect>true</shieldBlockIndirect>
		<shieldBlockDirect>true</shieldBlockDirect>
		<shieldFireSupression>false</shieldFireSupression>
		<shieldInterceptDropPod>true</shieldInterceptDropPod>
		
		<shieldStructuralIntegrityMode>false</shieldStructuralIntegrityMode>
		
		<shieldRechargeTickDelay>15</shieldRechargeTickDelay>
		<shieldRecoverWarmup>900</shieldRecoverWarmup>
		
		<colourRed>0.0</colourRed>
		<colourGreen>1.0</colourGreen>
		<colourBlue>0.5</colourBlue>
		<researchPrerequisite>SecurityIV</researchPrerequisite>
	</ThingDef>
  

</ThingDefs>