﻿<?xml version="1.0" encoding="utf-8" ?>
<Buildings>


	<ThingDef Name="BuildingBase" Abstract="True">
		<category>Building</category>
		<soundImpactDefault>BulletImpactMetal</soundImpactDefault>
		<selectable>true</selectable>
		<drawerType>MapMeshAndRealTime</drawerType>
		<terrainAffordanceNeeded>Light</terrainAffordanceNeeded>
		<repairEffect>Repair</repairEffect>
		<leaveResourcesWhenKilled>true</leaveResourcesWhenKilled>
		<filthLeaving>BuildingRubble</filthLeaving>
	</ThingDef>
	

	<!--========================= Doors =============================-->

	
	<ThingDef ParentName="BuildingBase" Name="DoorBase" Abstract="True">
		<thingClass>Building_Door</thingClass>
		<blueprintClass>Blueprint_Door</blueprintClass>
		<category>Building</category>
		<blueprintgraphicPath>Things/Building/Door/Door_Blueprint</blueprintgraphicPath>
		<altitudeLayer>DoorMoveable</altitudeLayer>
		<fillPercent>1</fillPercent>
		<useHitPoints>true</useHitPoints>
		<statBases>
			<MaxHitPoints>150</MaxHitPoints>
			<Flammability>1.0</Flammability>
		</statBases>
		<leaveResourcesWhenKilled>false</leaveResourcesWhenKilled>
		<selectable>true</selectable>
		<tickerType>Normal</tickerType>
		<size>(1,1)</size>
		<rotatable>false</rotatable>
		<soundImpactDefault>BulletImpactMetal</soundImpactDefault>
		<terrainAffordanceNeeded>Light</terrainAffordanceNeeded>
		<designationCategory>Structure</designationCategory>
		<holdsRoof>true</holdsRoof>
		<staticSunShadowHeight>1.0</staticSunShadowHeight>
		<blockLight>true</blockLight>
		<drawerType>RealtimeOnly</drawerType>
		<building>
			<soundDoorOpenPowered>DoorOpenPowered</soundDoorOpenPowered>
			<soundDoorClosePowered>DoorClosePowered</soundDoorClosePowered>
			<soundDoorOpenManual>DoorOpenManual</soundDoorOpenManual>
			<soundDoorCloseManual>DoorCloseManual</soundDoorCloseManual>
			<ignoreNeedsPower>true</ignoreNeedsPower>
			<canPlaceOverWall>true</canPlaceOverWall>
		</building>
	</ThingDef>


	<ThingDef ParentName="DoorBase">
		<defName>Door</defName>
		<label>door</label>
		<description>Divides rooms. Must be manually opened and closed, which slows people down.</description>
		<statBases>
			<WorkToMake>850</WorkToMake>
		</statBases>
		<stuffCategories>
			<li>Woody</li>
		</stuffCategories>
		<graphicPath>Things/Building/SCDoors/DoorSimple_Mover</graphicPath>
		<graphicClass>Graphic_Single</graphicClass>
		<uiIconPath>Things/Building/SCDoors/DoorSimple_MenuIcon</uiIconPath>
		<costStuffCount>25</costStuffCount>
	</ThingDef>

	<ThingDef ParentName="DoorBase">
		<defName>Autodoor</defName>
		<label>autodoor</label>
		<description>Divides rooms. Powered operation allows people to move through the door without slowing down.</description>
		<statBases>
			<WorkToMake>1100</WorkToMake>
		</statBases>
		<stuffCategories>
			<li>Metallic</li>
			<li>Woody</li>
		</stuffCategories>
		<graphicPath>Things/Building/SCDoors/Autodoor_Mover</graphicPath>
		<graphicClass>Graphic_Single</graphicClass>
		<uiIconPath>Things/Building/SCDoors/Autodoor_MenuIcon</uiIconPath>
		<costList>
			<SteelBar>25</SteelBar>
		</costList>
		<costStuffCount>25</costStuffCount>
		<comps>
			<li>
				<compClass>CompPowerTrader</compClass>
				<basePowerConsumption>50</basePowerConsumption>
				<transmitsPower>true</transmitsPower>
			</li>
		</comps>
		<researchPrerequisite>ConstructionII</researchPrerequisite>
	</ThingDef>
	
	<ThingDef ParentName="DoorBase">
		<defName>Blastdoor</defName>
		<label>blast door</label>
		<description>A powered blast door that allows people to move through the door without slowing down.</description>
		<statBases>
			<MaxHitPoints>750</MaxHitPoints>
			<WorkToMake>2000</WorkToMake>
		</statBases>
		<costList>
			<SteelBar>30</SteelBar>
			<PlasteelBar>50</PlasteelBar>
		</costList>
		<graphicPath>Things/Building/SCDoors/DoorBlast_Mover</graphicPath>
		<graphicClass>Graphic_Single</graphicClass>
		<uiIconPath>Things/Building/SCDoors/DoorBlast_MenuIcon</uiIconPath>
		<comps>
			<li>
				<compClass>CompPowerTrader</compClass>
				<basePowerConsumption>50</basePowerConsumption>
				<transmitsPower>true</transmitsPower>
			</li>
		</comps>
		<researchPrerequisite>ConstructionIII</researchPrerequisite>
	</ThingDef>
	
	<ThingDef ParentName="DoorBase">
		<defName>FenceGate</defName>
		<label>fence gate</label>
		<description>A fence gate. Must be manually opened and closed, which slows people down.</description>
		<statBases>
			<WorkToMake>850</WorkToMake>
		</statBases>
		<stuffCategories>
			<li>Woody</li>
		</stuffCategories>
		<costStuffCount>25</costStuffCount>
		<blueprintgraphicPath>Things/Building/SCDoors/FenceGate_Blueprint</blueprintgraphicPath>
		<graphicPath>Things/Building/SCDoors/FenceGate_Mover</graphicPath>
		<graphicClass>Graphic_Single</graphicClass>
		<uiIconPath>Things/Building/SCDoors/FenceGate_MenuIcon</uiIconPath>
		<holdsRoof>false</holdsRoof>
		<designationCategory>Structure</designationCategory>
		<staticSunShadowHeight>0.30</staticSunShadowHeight>
		<researchPrerequisite>AgricultureI</researchPrerequisite>
	</ThingDef>


	<!--========================= Walls =============================-->


	<ThingDef ParentName="BuildingBase">
		<defName>Wall</defName>
		<label>wall</label>
		<thingClass>Building</thingClass>
		<category>Building</category>
		<description>An impassable wall. Capable of holding up a roof.</description>
		<graphicPath>Things/Building/SCWalls/Wall</graphicPath>
		<graphicClass>Graphic_Single</graphicClass>
		<uiIconPath>Things/Building/SCWalls/Wall_MenuIcon</uiIconPath>
		<blueprintgraphicPath>Things/Building/Linked/Wall_Blueprint_Atlas</blueprintgraphicPath>
		<statBases>
			<MaxHitPoints>225</MaxHitPoints>
			<WorkToMake>150</WorkToMake>
			<Flammability>1.0</Flammability>
		</statBases>
		<costStuffCount>6</costStuffCount>
		<leaveResourcesWhenKilled>false</leaveResourcesWhenKilled>
		<altitudeLayer>BuildingTall</altitudeLayer>
		<passability>Impassable</passability>
		<castEdgeShadows>true</castEdgeShadows>
		<fillPercent>1</fillPercent>
		<coversFloor>true</coversFloor>
		<placingDraggableDimensions>1</placingDraggableDimensions>
		<tickerType>Never</tickerType>
		<rotatable>false</rotatable>
		<selectable>true</selectable>
		<neverMultiSelect>true</neverMultiSelect>
		<terrainAffordanceNeeded>Heavy</terrainAffordanceNeeded>
		<holdsRoof>true</holdsRoof>
		<staticSunShadowHeight>1.0</staticSunShadowHeight>
		<blockLight>true</blockLight>
		<stuffCategories>
			<li>Metallic</li>
			<li>Woody</li>
			<li>Stony</li>
		</stuffCategories>
		<building>
		<ignoreNeedsPower>true</ignoreNeedsPower>
		</building>
		<damageMultipliers>
			<li>
				<damageDef>Bomb</damageDef>
				<multiplier>3</multiplier>
			</li>
		</damageMultipliers>
		<linkDrawerType>CornerFiller</linkDrawerType>
		<linkFlags>
			<li>Wall</li>
			<li>Rock</li>
		</linkFlags>
	</ThingDef>
	
	
	<ThingDef ParentName="BuildingBase" Name="Wall">
		<defName>SCWall</defName>
		<label>wall</label>
		<thingClass>Building</thingClass>
		<category>Building</category>
		<description>An impassable wall. Capable of holding up a roof.</description>
		<graphicPath>Things/Building/SCWalls/Wall</graphicPath>
		<graphicClass>Graphic_Single</graphicClass>
		<uiIconPath>Things/Building/SCWalls/Wall_MenuIcon</uiIconPath>
		<blueprintgraphicPath>Things/Building/Linked/Wall_Blueprint_Atlas</blueprintgraphicPath>
		<statBases>
			<MaxHitPoints>225</MaxHitPoints>
			<WorkToMake>150</WorkToMake>
			<Flammability>1.0</Flammability>
		</statBases>
		<costStuffCount>6</costStuffCount>
		<leaveResourcesWhenKilled>false</leaveResourcesWhenKilled>
		<altitudeLayer>BuildingTall</altitudeLayer>
		<passability>Impassable</passability>
		<castEdgeShadows>true</castEdgeShadows>
		<fillPercent>1</fillPercent>
		<coversFloor>true</coversFloor>
		<placingDraggableDimensions>1</placingDraggableDimensions>
		<tickerType>Never</tickerType>
		<rotatable>false</rotatable>
		<selectable>true</selectable>
		<neverMultiSelect>true</neverMultiSelect>
		<terrainAffordanceNeeded>Heavy</terrainAffordanceNeeded>
		<holdsRoof>true</holdsRoof>
		<designationCategory>Structure</designationCategory>
		<staticSunShadowHeight>1.0</staticSunShadowHeight>
		<blockLight>true</blockLight>
		<stuffCategories>
			<li>Woody</li>
		</stuffCategories>
		<building>
		<ignoreNeedsPower>true</ignoreNeedsPower>
		</building>
		<damageMultipliers>
			<li>
				<damageDef>Bomb</damageDef>
				<multiplier>3</multiplier>
			</li>
		</damageMultipliers>
		<linkDrawerType>CornerFiller</linkDrawerType>
		<linkFlags>
			<li>Wall</li>
			<li>Rock</li>
		</linkFlags>
	</ThingDef>
	
	
	<ThingDef ParentName="Wall">
		<defName>WallConduit</defName>
		<label>conduit wall</label>
		<description>A wall with a built-in power conduit.</description>
		<CostList>
			<SteelBar>1</SteelBar>
		</CostList>
		<stuffCategories>
			<li>Metallic</li>
			<li>Woody</li>
			<li>Stony</li>
		</stuffCategories>
		<Comps>
			<li>
				<compClass>CompPowerTransmitter</compClass>
				<transmitsPower>true</transmitsPower>
			</li>
		</Comps>
		<researchPrerequisite>ConstructionII</researchPrerequisite>
	</ThingDef>
	
	
	<ThingDef ParentName="BuildingBase">
		<defName>WallLighted</defName>
		<label>lighted wall</label>
		<thingClass>Building</thingClass>
		<category>Building</category>
		<description>A lighted wall with a built in power conduit.</description>
		<graphicPath>Things/Building/SCWalls/WallLights_Atlas</graphicPath>
		<graphicClass>Graphic_Single</graphicClass>
		<uiIconPath>Things/Building/SCWalls/WallLights_MenuIcon</uiIconPath>
		<blueprintgraphicPath>Things/Building/Linked/Wall_Blueprint_Atlas</blueprintgraphicPath>
		<statBases>
			<MaxHitPoints>300</MaxHitPoints>
			<WorkToMake>150</WorkToMake>
			<Flammability>1.0</Flammability>
		</statBases>
		<leaveResourcesWhenKilled>false</leaveResourcesWhenKilled>
		<altitudeLayer>BuildingTall</altitudeLayer>
		<passability>Impassable</passability>
		<castEdgeShadows>true</castEdgeShadows>
		<fillPercent>1</fillPercent>
		<coversFloor>true</coversFloor>
		<placingDraggableDimensions>1</placingDraggableDimensions>
		<tickerType>Normal</tickerType>
		<rotatable>false</rotatable>
		<selectable>true</selectable>
		<neverMultiSelect>true</neverMultiSelect>
		<terrainAffordanceNeeded>Heavy</terrainAffordanceNeeded>
		<holdsRoof>true</holdsRoof>
		<designationCategory>Structure</designationCategory>
		<staticSunShadowHeight>1.0</staticSunShadowHeight>
		<blockLight>false</blockLight>
		<CostList>
			<SteelBar>1</SteelBar>
			<Glass>5</Glass>
		</CostList>
		<stuffCategories>
			<li>Metallic</li>
			<li>Woody</li>
			<li>Stony</li>
		</stuffCategories>
		<costStuffCount>6</costStuffCount>
		<building>
		<ignoreNeedsPower>false</ignoreNeedsPower>
		</building>
		<Comps>
			<li>
				<compClass>CompPowerTrader</compClass>
				<transmitsPower>true</transmitsPower>
				<basePowerConsumption>50</basePowerConsumption>
				<shortCircuitInRain>false</shortCircuitInRain>
				<soundPowerOn>PowerOnSmall</soundPowerOn>
				<soundPowerOff>PowerOffSmall</soundPowerOff>
			</li>
			<li>
				<compClass>CompGlower</compClass>
				<glowRadius>12</glowRadius>
				<glowColor>(217,217,208,0)</glowColor>
			</li>
		</Comps>
		<damageMultipliers>
			<li>
				<damageDef>Bomb</damageDef>
				<multiplier>3</multiplier>
			</li>
		</damageMultipliers>
		<linkDrawerType>CornerFiller</linkDrawerType>
		<linkFlags>
			<li>Wall</li>
			<li>Rock</li>
		</linkFlags>
		<researchPrerequisite>LightedWalls</researchPrerequisite>
	</ThingDef>

	
	<ThingDef ParentName="BuildingBase">
		<defName>Fence</defName>
		<label>fence</label>
		<thingClass>Building</thingClass>
		<category>Building</category>
		<description>A fence made of planks. Very fast to build, but flammable and weak.</description>
		<graphicPath>Things/Building/SCWalls/Fence_Atlas</graphicPath>
		<graphicClass>Graphic_Single</graphicClass>
		<uiIconPath>Things/Building/SCWalls/Fence_MenuIcon</uiIconPath>
		<blueprintgraphicPath>Things/Building/SCWalls/Fence_Blueprint_Atlas</blueprintgraphicPath>
		<statBases>
			<MaxHitPoints>200</MaxHitPoints>
			<WorkToMake>150</WorkToMake>
			<Flammability>1.0</Flammability>
		</statBases>
		<costStuffCount>6</costStuffCount>
		<leaveResourcesWhenKilled>false</leaveResourcesWhenKilled>
		<altitudeLayer>Waist</altitudeLayer>
		<passability>Impassable</passability>
		<castEdgeShadows>true</castEdgeShadows>
		<fillPercent>0.5</fillPercent>
		<coversFloor>false</coversFloor>
		<placingDraggableDimensions>1</placingDraggableDimensions>
		<tickerType>Never</tickerType>
		<rotatable>false</rotatable>
		<selectable>true</selectable>
		<neverMultiSelect>true</neverMultiSelect>
		<terrainAffordanceNeeded>Light</terrainAffordanceNeeded>
		<holdsRoof>false</holdsRoof>
		<designationCategory>Structure</designationCategory>
		<staticSunShadowHeight>0.30</staticSunShadowHeight>
		<blockLight>false</blockLight>
		<stuffCategories>
			<li>Woody</li>
		</stuffCategories>
		<building>
			<ignoreNeedsPower>true</ignoreNeedsPower>
		</building>
		<damageMultipliers>
			<li>
				<damageDef>Bomb</damageDef>
				<multiplier>3</multiplier>
			</li>
		</damageMultipliers>
		<linkDrawerType>CornerFiller</linkDrawerType>
		<linkFlags>
			<li>Custom4</li>
		</linkFlags>
		<researchPrerequisite>AgricultureI</researchPrerequisite>
	</ThingDef>


</Buildings>