﻿<?xml version="1.0" encoding="utf-8" ?>
<GameData>

  <ThingDef Name="BuildingBase" Abstract="True">
    <category>Building</category>
    <soundImpactDefault>BulletImpactMetal</soundImpactDefault>
    <selectable>true</selectable>
    <drawerType>MapMeshAndRealTime</drawerType>
    <terrainAffordanceNeeded>Light</terrainAffordanceNeeded>
    <repairEffect>Repair</repairEffect>
    <leaveResourcesWhenKilled>true</leaveResourcesWhenKilled>
    <filthLeaving>BuildingRubble</filthLeaving>
  </ThingDef>



  <!-- Beam -->

  <ThingDef ParentName="BuildingBase">
    <defName>Ship_Beam</defName>
    <label>ship structural beam</label>
    <thingClass>Building</thingClass>
    <graphicPath>Things/Building/Ship/ShipBeam</graphicPath>
    <graphicClass>Graphic_Multi</graphicClass>
    <altitudeLayer>BuildingTall</altitudeLayer>
    <graphicOverdraw>true</graphicOverdraw>
    <passability>Impassable</passability>
    <castEdgeShadows>true</castEdgeShadows>
    <fillPercent>1</fillPercent>
    <statBases>
      <WorkToMake>8000</WorkToMake>
      <MaxHitPoints>400</MaxHitPoints>
      <Flammability>1.0</Flammability>
    </statBases>
    <tickerType>Normal</tickerType>
    <description>A structural beam around which a ship can be constructed.</description>
    <size>(1,5)</size>
    <designationCategory>Ship</designationCategory>
    <comps>
      <li>
        <compClass>CompPowerTransmitter</compClass>
        <transmitsPower>true</transmitsPower>
      </li>
      <li>
        <compClass>CompShipPart</compClass>
      </li>
    </comps>
    <placeWorkers>
      <li>PlaceWorker_NotUnderRoof</li>
    </placeWorkers>
    <building>
      <shipPart>true</shipPart>
      <ignoreNeedsPower>true</ignoreNeedsPower>
    </building>
    <costList>
      <SteelBar>200</SteelBar>
      <PlasteelBar>150</PlasteelBar>
    </costList>
    <terrainAffordanceNeeded>Heavy</terrainAffordanceNeeded>
    <staticSunShadowHeight>1.0</staticSunShadowHeight>
    <researchPrerequisite>ConstructionIV</researchPrerequisite>
  </ThingDef>







  <!-- Cryptosleep casket -->

  <ThingDef ParentName="BuildingBase">
    <defName>Ship_CryptosleepCasket</defName>
    <label>ship cryptosleep casket</label>
    <thingClass>Building_CryptosleepCasket</thingClass>
    <graphicPath>Things/Building/Ship/ShipCryptosleepCasket</graphicPath>
    <graphicClass>Graphic_Multi</graphicClass>
    <researchPrerequisite>ShipCryptosleep</researchPrerequisite>
    <altitudeLayer>BuildingTall</altitudeLayer>
    <graphicOverdraw>true</graphicOverdraw>
    <passability>PassThroughOnly</passability>
    <pathCost>70</pathCost>
    <castEdgeShadows>true</castEdgeShadows>
    <fillPercent>0.5</fillPercent>
    <statBases>
      <WorkToMake>8000</WorkToMake>
      <MaxHitPoints>200</MaxHitPoints>
      <Flammability>1.0</Flammability>
    </statBases>
    <tickerType>Normal</tickerType>
    <description>A cryptosleep casket hardened against the dangers of space. Capable of maintaining a person in cryptosleep for centuries in a space environment and surviving atmospheric re-entry.</description>
    <size>(1,2)</size>
    <designationCategory>Ship</designationCategory>
    <hasInteractionCell>true</hasInteractionCell>
    <interactionCellOffset>(1,0,0)</interactionCellOffset>
    <comps>
      <li>
        <compClass>CompPowerTransmitter</compClass>
        <transmitsPower>true</transmitsPower>
      </li>
      <li>
        <compClass>CompShipPart</compClass>
      </li>
      <li>
        <compClass>CompExplosive</compClass>
        <explosiveRadius>2.66</explosiveRadius>
        <explosiveDamageType>Flame</explosiveDamageType>
      </li>
    </comps>
    <placeWorkers>
      <li>PlaceWorker_HeadOnShipBeam</li>
      <li>PlaceWorker_NotUnderRoof</li>
    </placeWorkers>
    <building>
      <shipPart>true</shipPart>
      <ignoreNeedsPower>true</ignoreNeedsPower>
      <isPlayerEjectable>true</isPlayerEjectable>
    </building>
    <costList>
      <SteelBar>500</SteelBar>
    </costList>
    <terrainAffordanceNeeded>Heavy</terrainAffordanceNeeded>
    <staticSunShadowHeight>1.0</staticSunShadowHeight>
  </ThingDef>


  <!-- Computer core -->

  <ThingDef ParentName="BuildingBase">
    <defName>Ship_ComputerCore</defName>
    <label>ship computer core</label>
    <thingClass>Building_ShipComputerCore</thingClass>
    <graphicPath>Things/Building/Ship/ShipComputerCore</graphicPath>
    <graphicClass>Graphic_Multi</graphicClass>
    <researchPrerequisite>ShipComputerCore</researchPrerequisite>
    <altitudeLayer>BuildingTall</altitudeLayer>
    <graphicOverdraw>true</graphicOverdraw>
    <passability>Impassable</passability>
    <castEdgeShadows>true</castEdgeShadows>
    <fillPercent>1</fillPercent>
    <statBases>
      <WorkToMake>16000</WorkToMake>
      <MaxHitPoints>150</MaxHitPoints>
      <Flammability>1.0</Flammability>
    </statBases>
    <tickerType>Normal</tickerType>
    <description>A computer core capable of housing a superhumanoid AI who can guide a ship through any challenge.</description>
    <size>(1,1)</size>
    <designationCategory>Ship</designationCategory>
    <comps>
      <li>
        <compClass>CompShipPart</compClass>
      </li>
      <li>
        <compClass>CompPowerTransmitter</compClass>
        <transmitsPower>true</transmitsPower>
      </li>
    </comps>
    <placeWorkers>
      <li>PlaceWorker_NotUnderRoof</li>
    </placeWorkers>
    <building>
      <shipPart>true</shipPart>
      <ignoreNeedsPower>true</ignoreNeedsPower>
    </building>
    <costList>
      <SteelBar>800</SteelBar>
      <AIPersonaCore>1</AIPersonaCore>
    </costList>
    <terrainAffordanceNeeded>Heavy</terrainAffordanceNeeded>
    <staticSunShadowHeight>1.0</staticSunShadowHeight>
  </ThingDef>




  <!-- Reactor -->

  <ThingDef ParentName="BuildingBase">
    <defName>Ship_Reactor</defName>
    <label>ship reactor</label>
    <thingClass>Building</thingClass>
    <graphicPath>Things/Building/Ship/ShipReactor</graphicPath>
    <graphicClass>Graphic_Multi</graphicClass>
    <researchPrerequisite>ShipReactor</researchPrerequisite>
    <altitudeLayer>BuildingTall</altitudeLayer>
    <graphicOverdraw>true</graphicOverdraw>
    <passability>Impassable</passability>
    <castEdgeShadows>true</castEdgeShadows>
    <fillPercent>1</fillPercent>
    <statBases>
      <WorkToMake>50000</WorkToMake>
      <MaxHitPoints>500</MaxHitPoints>
      <Flammability>1.0</Flammability>
    </statBases>
    <tickerType>Normal</tickerType>
    <description>Powers a ship on its journey through space.</description>
    <size>(5,5)</size>
    <designationCategory>Ship</designationCategory>
    <building>
      <shipPart>true</shipPart>
      <ignoreNeedsPower>true</ignoreNeedsPower>
    </building>
    <costList>
      <SteelBar>500</SteelBar>
      <PlasteelBar>500</PlasteelBar>
    </costList>
    <comps>
      <li>
        <compClass>CompPowerTrader</compClass>
        <basePowerConsumption>-1000</basePowerConsumption>
        <transmitsPower>true</transmitsPower>
        <powerToggleable>false</powerToggleable>
      </li>
      <li>
        <compClass>CompShipPart</compClass>
      </li>
    </comps>
    <placeWorkers>
      <li>PlaceWorker_NotUnderRoof</li>
    </placeWorkers>
    <terrainAffordanceNeeded>Heavy</terrainAffordanceNeeded>
    <staticSunShadowHeight>1.0</staticSunShadowHeight>
  </ThingDef>


  <!-- Engine -->

  <ThingDef ParentName="BuildingBase">
    <defName>Ship_Engine</defName>
    <label>ship engine</label>
    <thingClass>Building</thingClass>
    <graphicPath>Things/Building/Ship/ShipEngine</graphicPath>
    <graphicClass>Graphic_Multi</graphicClass>
    <researchPrerequisite>ShipEngine</researchPrerequisite>
    <altitudeLayer>BuildingTall</altitudeLayer>
    <graphicOverdraw>true</graphicOverdraw>
    <passability>Impassable</passability>
    <castEdgeShadows>true</castEdgeShadows>
    <fillPercent>1</fillPercent>
    <statBases>
      <WorkToMake>40000</WorkToMake>
      <MaxHitPoints>400</MaxHitPoints>
      <Flammability>1.0</Flammability>
    </statBases>
    <tickerType>Normal</tickerType>
    <description>An antimatter-powered engine capable of launching a ship into orbit and on interstellar trajectories.</description>
    <size>(2,3)</size>
    <designationCategory>Ship</designationCategory>
    <comps>
      <li>
        <compClass>CompPowerTransmitter</compClass>
        <transmitsPower>true</transmitsPower>
      </li>
      <li>
        <compClass>CompShipPart</compClass>
      </li>
    </comps>
    <placeWorkers>
      <li>PlaceWorker_NotUnderRoof</li>
    </placeWorkers>
    <building>
      <shipPart>true</shipPart>
      <ignoreNeedsPower>true</ignoreNeedsPower>
    </building>
    <costList>
      <SteelBar>400</SteelBar>
      <PlasteelBar>200</PlasteelBar>
    </costList>
    <terrainAffordanceNeeded>Heavy</terrainAffordanceNeeded>
    <staticSunShadowHeight>1.0</staticSunShadowHeight>
  </ThingDef>




</GameData>