﻿<?xml version="1.0" encoding="utf-8" ?>
<ThingDefs>

	<ThingDef Name="BodyPartBase" Abstract="True">
		<label>body part</label>
		<thingClass>ThingWithComps</thingClass>
		<category>Item</category>
		<useHitPoints>true</useHitPoints>
		<selectable>true</selectable>
		<statBases>
			<MaxHitPoints>50</MaxHitPoints>
			<Flammability>1.0</Flammability>
		</statBases>
		<altitudeLayer>Item</altitudeLayer>
		<tickerType>Never</tickerType>
		<alwaysHaulable>true</alwaysHaulable>
		<isBodyPart>true</isBodyPart>
		<tradeTags>
			<li>BodyPart</li>
		</tradeTags>
		<comps>
			<li>
				<compClass>CompForbiddable</compClass>
			</li>
		</comps>
		<thingCategories>
			<li>BodyParts</li>
		</thingCategories>
		<pathCost>10</pathCost>
	</ThingDef>

	<!-- Natural parts - can be harvested, or grown in the organ vat -->
	
	<ThingDef ParentName="BodyPartBase">
		<defName>Eye</defName>
		<label>eye</label>
		<description>A replacement eye fabricated from biomatter.</description>
		<graphicPath>Things/Item/BodyPart/MedOrgan</graphicPath>
		<graphicClass>Graphic_Single</graphicClass>
		<statBases>
			<MarketValue>504</MarketValue>
		</statBases>
	</ThingDef>
	
	<ThingDef ParentName="BodyPartBase">
		<defName>Ear</defName>
		<label>ear</label>
		<description>A replacement ear fabricated from biomatter.</description>
		<graphicPath>Things/Item/BodyPart/MedOrgan</graphicPath>
		<graphicClass>Graphic_Single</graphicClass>
		<statBases>
			<MarketValue>504</MarketValue>
		</statBases>
	</ThingDef>
	
	<ThingDef ParentName="BodyPartBase">
		<defName>Nose</defName>
		<label>nose</label>
		<description>A replacement nose fabricated from biomatter.</description>
		<graphicPath>Things/Item/BodyPart/MedOrgan</graphicPath>
		<graphicClass>Graphic_Single</graphicClass>
		<statBases>
			<MarketValue>504</MarketValue>
		</statBases>
	</ThingDef>

	<ThingDef ParentName="BodyPartBase">
		<defName>Heart</defName>
		<label>heart</label>
		<description>Supplies blood and oxygen to all parts of the body. Ready to find a new owner.</description>
		<graphicPath>Things/Item/BodyPart/MedOrgan</graphicPath>
		<graphicClass>Graphic_Single</graphicClass>
		<statBases>
			<MarketValue>504</MarketValue>
		</statBases>
	</ThingDef>

	<ThingDef ParentName="BodyPartBase">
		<defName>Lung</defName>
		<label>lung</label>
		<description>Essential part of the respiratory system.</description>
		<graphicPath>Things/Item/BodyPart/MedOrgan</graphicPath>
		<graphicClass>Graphic_Single</graphicClass>
		<statBases>
			<MarketValue>504</MarketValue>
		</statBases>
	</ThingDef>
	
	<ThingDef ParentName="BodyPartBase">
		<defName>Liver</defName>
		<label>liver</label>
		<description>Plays an important role in metabolism.</description>
		<graphicPath>Things/Item/BodyPart/MedOrgan</graphicPath>
		<graphicClass>Graphic_Single</graphicClass>
		<statBases>
			<MarketValue>504</MarketValue>
		</statBases>
	</ThingDef>

	<ThingDef ParentName="BodyPartBase">
		<defName>Kidney</defName>
		<label>kidney</label>
		<description>Filters and removes waste products from the blood.</description>
		<graphicPath>Things/Item/BodyPart/MedOrgan</graphicPath>
		<graphicClass>Graphic_Single</graphicClass>
		<statBases>
			<MarketValue>504</MarketValue>
		</statBases>
	</ThingDef>
  
	<ThingDef ParentName="BodyPartBase">
		<defName>Stomach</defName>
		<label>stomach</label>
		<description>Digests food and turns it into energy and nutrients.</description>
		<graphicPath>Things/Item/BodyPart/MedOrgan</graphicPath>
		<graphicClass>Graphic_Single</graphicClass>
		<statBases>
			<MarketValue>504</MarketValue>
		</statBases>
	</ThingDef>

	<!-- artificial - simple prosthetics -->
	
	<ThingDef ParentName="BodyPartBase">
		<defName>SimpleProstheticArm</defName>
		<label>simple prosthetic arm</label>
		<description>Simple but durable arm prosthesis.</description>
		<graphicPath>Things/Item/BodyPart/MedProstheticSimple</graphicPath>
		<graphicClass>Graphic_Single</graphicClass>
		<statBases>
			<MarketValue>144</MarketValue>
		</statBases>
		<artificialBodyPartsTags>
			<li>Simple</li>
		</artificialBodyPartsTags>
	</ThingDef>
	
	<ThingDef ParentName="BodyPartBase">
		<defName>SimpleProstheticLeg</defName>
		<label>simple prosthetic leg</label>
		<description>Simple prosthesis made to replace a missing leg. Not very comfortable but quite efficient.</description>
		<graphicPath>Things/Item/BodyPart/MedProstheticSimple</graphicPath>
		<graphicClass>Graphic_Single</graphicClass>
		<statBases>
			<MarketValue>216</MarketValue>
		</statBases>
		<artificialBodyPartsTags>
			<li>Simple</li>
		</artificialBodyPartsTags>
	</ThingDef>
	
	<ThingDef ParentName="BodyPartBase">
		<defName>SteelDenture</defName>
		<label>steel denture</label>
		<description>Simple but durable jaw prosthesis.</description>
		<graphicPath>Things/Item/BodyPart/MedProstheticSimple</graphicPath>
		<graphicClass>Graphic_Single</graphicClass>
		<statBases>
			<MarketValue>72</MarketValue>
		</statBases>
		<artificialBodyPartsTags>
			<li>Simple</li>
		</artificialBodyPartsTags>
	</ThingDef>
	
	<!-- artificial - advanced prosthetics -->
	
	<ThingDef ParentName="BodyPartBase">
		<defName>AdvancedProstheticArm</defName>
		<label>advanced prosthetic arm</label>
		<description>Advanced prosthesis made to replace a missing arm.  Very comfortable and quite efficient.</description>
		<graphicPath>Things/Item/BodyPart/MedProstheticAdvanced</graphicPath>
		<graphicClass>Graphic_Single</graphicClass>
		<statBases>
			<MarketValue>792</MarketValue>
		</statBases>
		<artificialBodyPartsTags>
			<li>Advanced</li>
		</artificialBodyPartsTags>
	</ThingDef>
	
	<ThingDef ParentName="BodyPartBase">
		<defName>AdvancedProstheticLeg</defName>
		<label>advanced prosthetic leg</label>
		<description>Advanced prosthesis made to replace a missing leg.  Very comfortable and quite efficient.</description>
		<graphicPath>Things/Item/BodyPart/MedProstheticAdvanced</graphicPath>
		<graphicClass>Graphic_Single</graphicClass>
		<statBases>
			<MarketValue>1512</MarketValue>
		</statBases>
		<artificialBodyPartsTags>
			<li>Advanced</li>
		</artificialBodyPartsTags>
	</ThingDef>
	
	<ThingDef ParentName="BodyPartBase">
		<defName>PlasteelDenture</defName>
		<label>plasteel denture</label>
		<description>Advanced prosthesis made to replace a missing jaw.  Very comfortable and quite efficient.</description>
		<graphicPath>Things/Item/BodyPart/MedProstheticAdvanced</graphicPath>
		<graphicClass>Graphic_Single</graphicClass>
		<statBases>
			<MarketValue>515</MarketValue>
		</statBases>
		<artificialBodyPartsTags>
			<li>Advanced</li>
		</artificialBodyPartsTags>
	</ThingDef>
	
	<!-- artificial - advanced prosthetic weapons -->
	
	<ThingDef ParentName="BodyPartBase">
		<defName>PowerClaw</defName>
		<label>powered claw</label>
		<description>Powerful hand replacement consisting of three deadly claws.</description>
		<graphicPath>Things/Item/BodyPart/MedProstheticWeapon</graphicPath>
		<graphicClass>Graphic_Single</graphicClass>
		<statBases>
			<MarketValue>468</MarketValue>
		</statBases>
		<artificialBodyPartsTags>
			<li>AdvancedWeapon</li>
		</artificialBodyPartsTags>
		<tradeability>Sellable</tradeability>
	</ThingDef>
  
	<ThingDef ParentName="BodyPartBase">
		<defName>ScytherBlade</defName>
		<label>scyther blade</label>
		<description>Hand replacement with a telescoping blade.  Not very comfortable, but quite effective as a close-range weapon.</description>
		<graphicPath>Things/Item/BodyPart/MedProstheticWeapon</graphicPath>
		<graphicClass>Graphic_Single</graphicClass>
		<statBases>
			<MarketValue>1500</MarketValue>
		</statBases>
		<artificialBodyPartsTags>
			<li>SpecialWeapon</li>
		</artificialBodyPartsTags>
		<tradeability>Sellable</tradeability>
	</ThingDef>

	<!-- artificial - bionics -->

	<ThingDef ParentName="BodyPartBase">
		<defName>BionicEye</defName>
		<label>bionic eye</label>
		<description>Advanced piece of technology made not only to fully replace a natural eye, but also to give supernatural vision abilities.</description>
		<graphicPath>Things/Item/BodyPart/MedBionic</graphicPath>
		<graphicClass>Graphic_Single</graphicClass>
		<statBases>
			<MarketValue>1444</MarketValue>
		</statBases>
		<artificialBodyPartsTags>
			<li>Bionic</li>
		</artificialBodyPartsTags>
	</ThingDef>
	
	<ThingDef ParentName="BodyPartBase">
		<defName>BionicEar</defName>
		<label>bionic ear</label>
		<description>Advanced piece of technology made not only to fully replace a natural ear, but also to give supernatural hearing.</description>
		<graphicPath>Things/Item/BodyPart/MedBionic</graphicPath>
		<graphicClass>Graphic_Single</graphicClass>
		<statBases>
			<MarketValue>1850</MarketValue>
		</statBases>
		<artificialBodyPartsTags>
			<li>Bionic</li>
		</artificialBodyPartsTags>
	</ThingDef>

	<ThingDef ParentName="BodyPartBase">
		<defName>BionicArm</defName>
		<label>bionic arm</label>
		<description>One of the most sophisticated arm replacements. Gives extreme strength to its user.</description>
		<graphicPath>Things/Item/BodyPart/MedBionic</graphicPath>
		<graphicClass>Graphic_Single</graphicClass>
		<statBases>
			<MarketValue>3071</MarketValue>
		</statBases>
		<artificialBodyPartsTags>
			<li>Bionic</li>
		</artificialBodyPartsTags>
	</ThingDef>

	<ThingDef ParentName="BodyPartBase">
		<defName>BionicLeg</defName>
		<label>bionic leg</label>
		<description>Bionic leg uses cutting-edge technology to give its owner extreme walking comfort and strength.</description>
		<graphicPath>Things/Item/BodyPart/MedBionic</graphicPath>
		<graphicClass>Graphic_Single</graphicClass>
		<statBases>
			<MarketValue>3071</MarketValue>
		</statBases>
		<artificialBodyPartsTags>
			<li>Bionic</li>
		</artificialBodyPartsTags>
	</ThingDef>
	
	<ThingDef ParentName="BodyPartBase">
		<defName>BionicSpine</defName>
		<label>bionic spine</label>
		<description>Advanced piece of technology made not only to fully replace the spine, but also to give supernatural strength and agility.</description>
		<graphicPath>Things/Item/BodyPart/MedBionic</graphicPath>
		<graphicClass>Graphic_Single</graphicClass>
		<statBases>
			<MarketValue>4198</MarketValue>
		</statBases>
		<artificialBodyPartsTags>
			<li>Bionic</li>
		</artificialBodyPartsTags>
	</ThingDef>
	
	<ThingDef ParentName="BodyPartBase">
		<defName>BionicBrain</defName>
		<label>positronic brain implant</label>
		<description>Advanced piece of technology made not only to augment the human brain, but also to give enhanced neurotransmitter function.</description>
		<graphicPath>Things/Item/BodyPart/MedBionic</graphicPath>
		<graphicClass>Graphic_Single</graphicClass>
		<statBases>
			<MarketValue>9468</MarketValue>
		</statBases>
		<artificialBodyPartsTags>
			<li>Bionic</li>
		</artificialBodyPartsTags>
	</ThingDef>
  
</ThingDefs>