﻿<?xml version="1.0" encoding="utf-8" ?>
<Resources>


	<!-- =========== bases =========== -->

	
	<ThingDef Name="ResourceBase" Abstract="True">
		<thingClass>ThingWithComps</thingClass>
		<label>unspecified resource</label>
		<category>Item</category>
		<resourceReadoutPriority>Middle</resourceReadoutPriority>
		<useHitPoints>true</useHitPoints>
		<selectable>true</selectable>
		<altitudeLayer>Item</altitudeLayer>
		<stackLimit>75</stackLimit>
		<comps>
			<li>
				<compClass>CompForbiddable</compClass>
			</li>
		</comps>
		<alwaysHaulable>true</alwaysHaulable>
		<drawGUIOverlay>true</drawGUIOverlay>
		<rotatable>false</rotatable>
		<pathCost>15</pathCost>
	</ThingDef>

	<ThingDef Name="ResourceVerbBase" ParentName="ResourceBase" Abstract="True">
		<equipmentType>Primary</equipmentType>
		<techLevel>Neolithic</techLevel>
		<comps>
			<li>
				<compClass>CompEquippable</compClass>
			</li>
		</comps>
	</ThingDef>


	<!--=============== Precious Metals ====================-->


	<ThingDef ParentName="ResourceBase">
		<defName>Silver</defName>
		<label>silver</label>
		<description>This metal is mostly used as a commodity currency. It can also be used for making attractive decorations.</description>
		<graphicPath>Things/Item/Resource/Silver</graphicPath>
		<graphicClass>Graphic_Single</graphicClass>
		<resourceReadoutPriority>First</resourceReadoutPriority>
		<soundInteract>Silver_Drop</soundInteract>
		<soundDrop>Silver_Drop</soundDrop>
		<useHitPoints>false</useHitPoints>
		<resourceReadoutAlwaysShow>true</resourceReadoutAlwaysShow>
		<statBases>
			<MarketValue>1</MarketValue>
			<MeleeWeapon_SharpDamageMultiplier>0.5</MeleeWeapon_SharpDamageMultiplier>
			<MeleeWeapon_BluntDamageMultiplier>1.1</MeleeWeapon_BluntDamageMultiplier>
		</statBases>
		<thingCategories>
			<li>ResourcesRaw</li>
		</thingCategories>
		<stackLimit>500</stackLimit>
		<stuffProps>
			<categories>
				<li>Precious</li>
			</categories>
			<smallVolume>true</smallVolume>
			<color>(180,173,150)</color>
			<constructEffect>ConstructMetal</constructEffect>
			<soundImpactStuff>BulletImpactMetal</soundImpactStuff>
			<statOffsets>
				<Beauty>6</Beauty>
			</statOffsets>
			<statFactors>
				<MaxHitPoints>0.7</MaxHitPoints>
				<Flammability>0.2</Flammability>
				<Beauty>3</Beauty>
				<WorkToMake>1.2</WorkToMake>
				<MeleeWeapon_Cooldown>1</MeleeWeapon_Cooldown>
			</statFactors>
		</stuffProps>
	</ThingDef>


	<ThingDef ParentName="ResourceBase">
		<defName>Gold</defName>
		<label>gold</label>
		<description>The most seductive metal of them all. Millions have died in attempting to feed the endless human thirst for gold. This soft metal is little use on its own, but is strikingly beautiful and very rare.</description>
		<graphicPath>Things/Item/Resource/Gold</graphicPath>
		<graphicClass>Graphic_Single</graphicClass>
		<soundInteract>Silver_Drop</soundInteract>
		<soundDrop>Silver_Drop</soundDrop>
		<useHitPoints>false</useHitPoints>
		<statBases>
			<MarketValue>15</MarketValue>
			<MeleeWeapon_SharpDamageMultiplier>0.3</MeleeWeapon_SharpDamageMultiplier>
			<MeleeWeapon_BluntDamageMultiplier>1.15</MeleeWeapon_BluntDamageMultiplier>
		</statBases>
		<thingCategories>
			<li>ResourcesRaw</li>
		</thingCategories>
		<stackLimit>400</stackLimit>
		<stuffProps>
			<stuffAdjective>golden</stuffAdjective>
			<categories>
				<li>Precious</li>
			</categories>
			<smallVolume>true</smallVolume>
			<color>(255,235,122)</color>
			<constructEffect>ConstructMetal</constructEffect>
			<soundImpactStuff>BulletImpactMetal</soundImpactStuff>
			<statOffsets>
				<Beauty>18</Beauty>
			</statOffsets>
			<statFactors>
				<MaxHitPoints>0.6</MaxHitPoints>
				<Flammability>0.2</Flammability>
				<Beauty>6</Beauty>
				<WorkToMake>1.3</WorkToMake>
				<MeleeWeapon_Cooldown>1.1</MeleeWeapon_Cooldown>
			</statFactors>
		</stuffProps>
	</ThingDef>
	
	
	<ThingDef ParentName="ResourceBase">
		<defName>Uranium</defName>
		<label>uranium</label>
		<description>An extremely hard, dense metal. While it is best known for its use powering nuclear reactors, its physical properties also make it excellent in some roles as a tool, weapon, or armor.</description>
		<graphicPath>Things/Item/Resource/Uranium</graphicPath>
		<graphicClass>Graphic_Single</graphicClass>
		<soundInteract>Metal_Drop</soundInteract>
		<soundDrop>Metal_Drop</soundDrop>
		<statBases>
			<MarketValue>10</MarketValue>
		</statBases>
		<thingCategories>
			<li>ResourcesRaw</li>
		</thingCategories>
		<stuffProps>
			<categories>
				<li>Matty</li>
			</categories>
		</stuffProps>
	</ThingDef>
	
	<!--=============== Raw Materials ====================-->
	
	<ThingDef ParentName="ResourceVerbBase">
		<defName>WoodLog</defName>
		<label>wood log</label>
		<description>Wood from trees or other fibrous plants. Useful for building structures, weapons, and even simple prosthetics. A raw stick of wood can be used as a weapon in a pinch.</description>
		<graphicPath>Things/Item/Resource/WoodLog</graphicPath>
		<graphicClass>Graphic_StackCount</graphicClass>
		<equippedAngleOffset>-20</equippedAngleOffset>
		<soundInteract>Wood_Drop</soundInteract>
		<soundDrop>Wood_Drop</soundDrop>
		<statBases>
			<MarketValue>1.4</MarketValue>
			<MaxHitPoints>150</MaxHitPoints>
			<Flammability>1.0</Flammability>
			<DeteriorationRate>1</DeteriorationRate>
			<MeleeWeapon_DamageAmount>8</MeleeWeapon_DamageAmount>
			<MeleeWeapon_Cooldown>2.2</MeleeWeapon_Cooldown>
			<MeleeWeapon_SharpDamageMultiplier>0.3</MeleeWeapon_SharpDamageMultiplier>
			<MeleeWeapon_BluntDamageMultiplier>0.8</MeleeWeapon_BluntDamageMultiplier>
		</statBases>
		<stuffProps>
			<stuffAdjective>wooden</stuffAdjective>
			<categories>
				<li>Woody</li>
			</categories>
			<color>(133,97,67)</color>
			<constructEffect>ConstructWood</constructEffect>
			<appearance>Planks</appearance>
			<soundImpactStuff>BulletImpactWood</soundImpactStuff>
			<soundMeleeHitSharp>MeleeHit_Wood</soundMeleeHitSharp>
			<soundMeleeHitBlunt>MeleeHit_Wood</soundMeleeHitBlunt>
			<statOffsets>
				<Beauty>2</Beauty>
			</statOffsets>
			<statFactors>
				<MaxHitPoints>0.75</MaxHitPoints>
				<Beauty>1.25</Beauty>
				<Flammability>1</Flammability>
				<WorkToMake>0.8</WorkToMake>
				<DoorOpenSpeed>1.5</DoorOpenSpeed>
				<MeleeWeapon_Cooldown>0.9</MeleeWeapon_Cooldown>
			</statFactors>
		</stuffProps>
		<thingCategories>
			<li>ResourcesRaw</li>
		</thingCategories>
		<artificialBodyPartsTags>
			<li>Poor</li>
		</artificialBodyPartsTags>
		<verbs>
			<li>
				<verbClass>Verb_MeleeAttack</verbClass>
				<hasStandardCommand>true</hasStandardCommand>
				<meleeDamageDef>Blunt</meleeDamageDef>
			</li>
		</verbs>
	</ThingDef>
  
	<ThingDef ParentName="ResourceBase">
		<defName>Steel</defName>
		<label>steel ore</label>
		<description>An iron-carbon metal alloy that can be crafted into steel bars.</description>
		<graphicPath>Things/Item/Resource/Metal</graphicPath>
		<graphicClass>Graphic_Random</graphicClass>
		<soundInteract>Metal_Drop</soundInteract>
		<soundDrop>Metal_Drop</soundDrop>
		<statBases>
			<MarketValue>2.0</MarketValue>
		</statBases>
		<thingCategories>
			<li>ResourcesRaw</li>
		</thingCategories>
		<stuffProps>
			<categories>
				<li>Matty</li>
			</categories>
		</stuffProps>
	</ThingDef>

	<ThingDef ParentName="ResourceBase">
		<defName>Plasteel</defName>
		<label>plasteel ore</label>
		<description>Advanced structural material with a unique molecular structure that can be crafted into plasteel bars</description>
		<graphicPath>Things/Item/Resource/Plasteel</graphicPath>
		<graphicClass>Graphic_Single</graphicClass>
		<soundInteract>Metal_Drop</soundInteract>
		<soundDrop>Metal_Drop</soundDrop>
		<statBases>
			<MarketValue>25</MarketValue>
		</statBases>
		<thingCategories>
			<li>ResourcesRaw</li>
		</thingCategories>
		<stuffProps>
			<categories>
				<li>Matty</li>
			</categories>
		</stuffProps>
	</ThingDef>
	
	<ThingDef ParentName="ResourceBase">
		<defName>RawCotton</defName>
		<label>raw cotton</label>
		<description>Raw cotton. It can be spun into cloth or sold to a trader.</description>
		<graphicPath>Things/Item/Resource/RawCotton</graphicPath>
		<graphicClass>Graphic_Single</graphicClass>
		<soundInteract>Food_Drop</soundInteract>
		<soundDrop>Food_Drop</soundDrop>
		<statBases>
			<MarketValue>1.5</MarketValue>
		</statBases>
		<thingCategories>
			<li>ResourcesRaw</li>
		</thingCategories>
	</ThingDef>
	
	<ThingDef ParentName="ResourceBase">
		<defName>RawDevilstrand</defName>
		<label>Raw devilstrand</label>
		<description>Raw devilstrand. It can be spun into cloth or sold to a trader.</description>
		<graphicPath>Things/Item/Resource/RawDevilstrand</graphicPath>
		<graphicClass>Graphic_Single</graphicClass>
		<soundInteract>Food_Drop</soundInteract>
		<soundDrop>Food_Drop</soundDrop>
		<statBases>
			<MarketValue>6.4</MarketValue>
		</statBases>
		<thingCategories>
			<li>ResourcesRaw</li>
		</thingCategories>
		<stuffProps>
			<categories>
				<li>Matty</li>
			</categories>
		</stuffProps>
	</ThingDef>
  
	<!--=============== Manufactured Resources	====================-->
	
	<ThingDef ParentName="ResourceBase">
		<defName>WoodPlank</defName>
		<label>wood plank</label>
		<description>Wood planks crafted from logs. Useful for building structures, weapons, and even simple prosthetics.</description>
		<graphicPath>Things/Item/Resource/WoodPlank</graphicPath>
		<graphicClass>Graphic_Single</graphicClass>
		<soundInteract>Wood_Drop</soundInteract>
		<soundDrop>Wood_Drop</soundDrop>
		<statBases>
			<MarketValue>1.7</MarketValue>
			<Flammability>1.0</Flammability>
			<DeteriorationRate>1.0</DeteriorationRate>
			<MeleeWeapon_SharpDamageMultiplier>0.3</MeleeWeapon_SharpDamageMultiplier>
			<MeleeWeapon_BluntDamageMultiplier>0.8</MeleeWeapon_BluntDamageMultiplier>
		</statBases>
		<thingCategories>
			<li>Manufactured</li>
		</thingCategories>
		<stuffProps>
			<stuffAdjective>wood plank</stuffAdjective>
			<categories>
				<li>Woody</li>
			</categories>
			<color>(240,220,120)</color>
			<constructEffect>ConstructWood</constructEffect>
			<appearance>Planks</appearance>
			<soundImpactStuff>BulletImpactWood</soundImpactStuff>
			<statOffsets>
				<Beauty>2</Beauty>
			</statOffsets>
			<statFactors>
				<MaxHitPoints>0.5</MaxHitPoints>
				<Beauty>1.5</Beauty>
				<Flammability>1</Flammability>
				<WorkToMake>0.7</WorkToMake>
				<DoorOpenSpeed>1.2</DoorOpenSpeed>
				<MeleeWeapon_Cooldown>0.9</MeleeWeapon_Cooldown>
			</statFactors>
		</stuffProps>
	</ThingDef>

	<ThingDef ParentName="ResourceBase">
		<defName>SteelBar</defName>
		<label>steel bar</label>
		<description>Steel bars crafted from ore. Useful for building structures, weapons, and even some prosthetics.</description>
		<graphicPath>Things/Item/Resource/SteelBar</graphicPath>
		<graphicClass>Graphic_Single</graphicClass>
		<soundInteract>Metal_Drop</soundInteract>
		<soundDrop>Metal_Drop</soundDrop>
		<statBases>
			<MarketValue>2.4</MarketValue>
			<MeleeWeapon_SharpDamageMultiplier>1.0</MeleeWeapon_SharpDamageMultiplier>
			<MeleeWeapon_BluntDamageMultiplier>1.0</MeleeWeapon_BluntDamageMultiplier>
		</statBases>
		<useHitPoints>false</useHitPoints>
		<slagDef>ChunkSlagSteel</slagDef>
		<defaultColor>(255,255,255)</defaultColor>
		<thingCategories>
			<li>Manufactured</li>
		</thingCategories>
		<stuffProps>
			<stuffAdjective>steel</stuffAdjective>
			<categories>
				<li>Metallic</li>
			</categories>
			<constructEffect>ConstructMetal</constructEffect>
			<color>(102,102,105)</color>
			<soundImpactStuff>BulletImpactMetal</soundImpactStuff>
			<statFactors>
				<MaxHitPoints>1.0</MaxHitPoints>
				<Beauty>1.0</Beauty>
				<Flammability>0.2</Flammability>
				<WorkToMake>1.0</WorkToMake>
				<DoorOpenSpeed>1.0</DoorOpenSpeed>
				<MeleeWeapon_Cooldown>1.0</MeleeWeapon_Cooldown>
			</statFactors>
		</stuffProps>
	</ThingDef>
	
	<ThingDef ParentName="ResourceBase">
		<defName>PlasteelBar</defName>
		<label>plasteel bar</label>
		<description>Plasteel bars crafted from ore.  Useful for building structures, weapons, and even some prosthetics.</description>
		<graphicPath>Things/Item/Resource/PlasteelBar</graphicPath>
		<graphicClass>Graphic_Single</graphicClass>
		<soundInteract>Metal_Drop</soundInteract>
		<soundDrop>Metal_Drop</soundDrop>
		<useHitPoints>false</useHitPoints>
		<statBases>
			<MarketValue>30</MarketValue>
			<MeleeWeapon_SharpDamageMultiplier>1.2</MeleeWeapon_SharpDamageMultiplier>
			<MeleeWeapon_BluntDamageMultiplier>1.0</MeleeWeapon_BluntDamageMultiplier>
		</statBases>
		<thingCategories>
			<li>Manufactured</li>
		</thingCategories>
		<stuffProps>
			<stuffAdjective>plasteel</stuffAdjective>
			<categories>
				<li>Metallic</li>
			</categories>
			<constructEffect>ConstructMetal</constructEffect>
			<color>(160,178,181)</color>
			<soundImpactStuff>BulletImpactMetal</soundImpactStuff>
			<statFactors>
				<MaxHitPoints>3.0</MaxHitPoints>
				<Beauty>1.2</Beauty>
				<Flammability>0.1</Flammability>
				<WorkToMake>2.0</WorkToMake>
				<DoorOpenSpeed>0.8</DoorOpenSpeed>
				<MeleeWeapon_Cooldown>0.8</MeleeWeapon_Cooldown>
			</statFactors>
		</stuffProps>
	</ThingDef>
	
	<ThingDef ParentName="ResourceBase">
		<defName>Glass</defName>
		<label>glass</label>
		<description>Glass made from sand.  Used for building structures and items.</description>
		<graphicPath>Things/Item/Resource/Glass</graphicPath>
		<graphicClass>Graphic_Single</graphicClass>
		<soundInteract>Metal_Drop</soundInteract>
		<soundDrop>Metal_Drop</soundDrop>
		<statBases>
			<MarketValue>4.3</MarketValue>
		</statBases>
		<thingCategories>
			<li>Manufactured</li>
		</thingCategories>
		<stuffProps>
			<categories>
				<li>Matty</li>
			</categories>
		</stuffProps>
	</ThingDef>
	
	<ThingDef ParentName="ResourceBase">
		<defName>Kindling</defName>
		<label>kindling</label>
		<description>Kindling made from wood logs.  Used as fuel in the steam generator.</description>
		<graphicPath>Things/Item/Resource/Kindling</graphicPath>
		<graphicClass>Graphic_Single</graphicClass>
		<soundInteract>Wood_Drop</soundInteract>
		<soundDrop>Wood_Drop</soundDrop>
		<statBases>
			<MarketValue>1.7</MarketValue>
		</statBases>
		<thingCategories>
			<li>Manufactured</li>
		</thingCategories>
		<stuffProps>
			<categories>
				<li>Matty</li>
			</categories>
		</stuffProps>
	</ThingDef>
	
	<ThingDef ParentName="ResourceBase">
		<defName>Mulch</defName>
		<label>mulch</label>
		<description>Mulch made from wood logs.  Used for enriching the soil.</description>
		<graphicPath>Things/Item/Resource/Mulch</graphicPath>
		<graphicClass>Graphic_Single</graphicClass>
		<soundInteract>Wood_Drop</soundInteract>
		<soundDrop>Wood_Drop</soundDrop>
		<statBases>
			<MarketValue>1.7</MarketValue>
		</statBases>
		<thingCategories>
			<li>Manufactured</li>
		</thingCategories>
		<stuffProps>
			<categories>
				<li>Matty</li>
			</categories>
		</stuffProps>
	</ThingDef>
	
	<ThingDef ParentName="ResourceBase">
		<defName>Sand</defName>
		<label>sand</label>
		<description>Sand made from stone chunks.  For making glass and other items.</description>
		<graphicPath>Things/Item/Resource/Sand</graphicPath>
		<graphicClass>Graphic_Single</graphicClass>
		<soundInteract>Wood_Drop</soundInteract>
		<soundDrop>Wood_Drop</soundDrop>
		<statBases>
			<MarketValue>1.8</MarketValue>
		</statBases>
		<thingCategories>
			<li>Manufactured</li>
		</thingCategories>
		<stuffProps>
			<categories>
				<li>Matty</li>
			</categories>
		</stuffProps>
	</ThingDef>
	
	<ThingDef ParentName="ResourceBase">
		<defName>EthanolFuel</defName>
		<label>ethanol fuel</label>
		<description>A can of ethanol fuel.  It can be used to fuel the steam generator, or sold to a trader.</description>
		<graphicPath>Things/Item/Resource/EthanolFuel</graphicPath>
		<graphicClass>Graphic_Single</graphicClass>
		<soundInteract>Metal_Drop</soundInteract>
		<soundDrop>Metal_Drop</soundDrop>
		<statBases>
			<MarketValue>10</MarketValue>
		</statBases>
		<thingCategories>
			<li>Manufactured</li>
		</thingCategories>
		<stuffProps>
			<categories>
				<li>Matty</li>
			</categories>
		</stuffProps>
	</ThingDef>
	
	<ThingDef ParentName="ResourceBase">
		<defName>Electronics</defName>
		<label>electronic chips</label>
		<description>Electronic chips made from plasteel and sand.  Used in the construction of advanced structures</description>
		<graphicPath>Things/Item/Resource/Electronics</graphicPath>
		<graphicClass>Graphic_Single</graphicClass>
		<soundInteract>Metal_Drop</soundInteract>
		<soundDrop>Metal_Drop</soundDrop>
		<statBases>
			<MarketValue>35</MarketValue>
		</statBases>
		<thingCategories>
			<li>Manufactured</li>
		</thingCategories>
		<stuffProps>
			<categories>
				<li>Matty</li>
			</categories>
		</stuffProps>
	</ThingDef>
	
	<ThingDef ParentName="ResourceBase">
		<defName>Biomatter</defName>
		<label>biomatter</label>
		<description>Biomatter extracted from a human corpse.  Used to grow organs in the organ vat.</description>
		<graphicPath>Things/Item/Resource/Biomatter</graphicPath>
		<graphicClass>Graphic_Single</graphicClass>
		<soundInteract>Food_Drop</soundInteract>
		<soundDrop>Food_Drop</soundDrop>
		<statBases>
			<MarketValue>12</MarketValue>
		</statBases>
		<thingCategories>
			<li>Manufactured</li>
		</thingCategories>
		<stuffProps>
			<categories>
				<li>Matty</li>
			</categories>
		</stuffProps>
		<tradeTags>
			<li>Exotic</li>
		</tradeTags>
	</ThingDef>
	
	<ThingDef ParentName="ResourceBase">
		<defName>ArtificialBone</defName>
		<label>artificial bone</label>
		<description>A carefully crafted synthetic bone piece.</description>
		<graphicPath>Things/Item/BodyPart/ArtificialBone</graphicPath>
		<graphicClass>Graphic_Single</graphicClass>
		<soundInteract>Food_Drop</soundInteract>
		<soundDrop>Food_Drop</soundDrop>
		<statBases>
			<MarketValue>180</MarketValue>
		</statBases>
		<thingCategories>
			<li>BodyParts</li>
		</thingCategories>
		<tradeTags>
			<li>Exotic</li>
		</tradeTags>
	</ThingDef>
	
	<ThingDef ParentName="ResourceBase">
		<defName>ArtilleryShell</defName>
		<label>artillery shell</label>
		<description>Fired from artillery cannons.</description>
		<graphicPath>Things/Item/Resource/Shell</graphicPath>
		<graphicClass>Graphic_Single</graphicClass>
		<soundInteract>Metal_Drop</soundInteract>
		<soundDrop>Standard_Drop</soundDrop>
		<tickerType>Normal</tickerType>
		<stackLimit>25</stackLimit>
		<statBases>
			<MaxHitPoints>70</MaxHitPoints>
			<MarketValue>14</MarketValue>
			<Flammability>1.0</Flammability>
			<DeteriorationRate>1</DeteriorationRate>
		</statBases>
		<thingCategories>
			<li>Manufactured</li>
		</thingCategories>
		<comps>
			<li>
				<compClass>CompExplosive</compClass>
				<explosiveRadius>2.9</explosiveRadius>
				<explosiveDamageType>Bomb</explosiveDamageType>
				<explosiveExpandPerStackcount>0.4</explosiveExpandPerStackcount>
				<startWickHitPointsPercent>0.333</startWickHitPointsPercent>
				<wickTicks>
					<min>10</min>
					<max>30</max>
				</wickTicks>
			</li>
		</comps>
	</ThingDef>

	<ThingDef ParentName="ResourceBase">
		<defName>Cloth</defName>
		<label>cloth</label>
		<description>Cloth woven from organic fibers.</description>
		<graphicPath>Things/Item/Resource/Cloth</graphicPath>
		<graphicClass>Graphic_Single</graphicClass>
		<defaultColor>(162,157,152)</defaultColor>
		<statBases>
			<MaxHitPoints>100</MaxHitPoints>
			<MarketValue>1.8</MarketValue>
			<Flammability>1.0</Flammability>
			<DeteriorationRate>2</DeteriorationRate>
		</statBases>
		<stuffProps>
			<categories>
				<li>Fabric</li>
			</categories>
			<color>(162,157,152)</color>
			<allowColorGenerators>true</allowColorGenerators>
			<statFactors>
				<Beauty>1.3</Beauty>
			</statFactors>
		</stuffProps>
		<thingCategories>
			<li>Textiles</li>
		</thingCategories>
		<comps>
			<li>
				<compClass>CompColorable</compClass>
			</li>
		</comps>
		<colorGeneratorInTraderStock Class="ColorGenerator_Options">
			<options>
				<li>
					<weight>5</weight>
					<only>RGBA(0.33,0.33,0.33,1)</only>
				</li>
				<li>
					<weight>10</weight>
					<min>RGBA(0.3,0.3,0.3,1)</min>
					<max>RGBA(0.9,0.9,0.9,1)</max>
				</li>
				<li>
					<weight>5</weight>
					<only>RGBA(0.9,0.9,0.9,1)</only>
				</li>
			</options>
		</colorGeneratorInTraderStock>
	</ThingDef>

	<ThingDef ParentName="ResourceBase">
		<defName>Synthread</defName>
		<label>synthread</label>
		<description>Spacer-tech synthetic fabric designed for making ordinary clothes. It is soft, light, strong, and insulates well.</description>
		<graphicPath>Things/Item/Resource/Synthread</graphicPath>
		<graphicClass>Graphic_Single</graphicClass>
		<statBases>
			<MaxHitPoints>150</MaxHitPoints>
			<MarketValue>11</MarketValue>
			<Flammability>1.0</Flammability>
			<DeteriorationRate>1.5</DeteriorationRate>
		</statBases>
		<stuffProps>
			<categories>
				<li>Fabric</li>
			</categories>
			<color>(174,219,228)</color>
			<statOffsets>
				<ArmorRating_Blunt>0.03</ArmorRating_Blunt>
				<ArmorRating_Sharp>0.03</ArmorRating_Sharp>
				<ArmorRating_Heat>0.03</ArmorRating_Heat>
				<ArmorRating_Electric>0.03</ArmorRating_Electric>
			</statOffsets>
			<statFactors>
				<Beauty>1.5</Beauty>
				<ArmorRating_Blunt>1.0</ArmorRating_Blunt>
				<ArmorRating_Sharp>1.65</ArmorRating_Sharp>
				<ArmorRating_Heat>4.0</ArmorRating_Heat>
				<ArmorRating_Electric>4.0</ArmorRating_Electric>
				<Insulation_Cold>1.25</Insulation_Cold>
				<Insulation_Heat>1.25</Insulation_Heat>
			</statFactors>
		</stuffProps>
		<thingCategories>
			<li>Textiles</li>
		</thingCategories>
	</ThingDef>

	<ThingDef ParentName="ResourceBase">
		<defName>DevilstrandCloth</defName>
		<label>devilstrand cloth</label>
		<description>Fabric spun from microfibers extracted from silk-producing Devilstrand mushrooms. Very tough, but insulates no better than cloth.</description>
		<graphicPath>Things/Item/Resource/Cloth</graphicPath>
		<graphicClass>Graphic_Single</graphicClass>
		<defaultColor>(180,60,60)</defaultColor>
		<statBases>
			<MaxHitPoints>100</MaxHitPoints>
			<MarketValue>16</MarketValue>
			<Flammability>1.0</Flammability>
			<DeteriorationRate>1.5</DeteriorationRate>
		</statBases>
		<stuffProps>
			<categories>
				<li>Fabric</li>
			</categories>
			<color>(180,60,60)</color>
			<statOffsets>
				<ArmorRating_Blunt>0.05</ArmorRating_Blunt>
				<ArmorRating_Sharp>0.05</ArmorRating_Sharp>
				<ArmorRating_Heat>0</ArmorRating_Heat>
				<ArmorRating_Electric>0.05</ArmorRating_Electric>
			</statOffsets>
			<statFactors>
				<Beauty>1.8</Beauty>
				<WorkToMake>1.3</WorkToMake>
				<ArmorRating_Blunt>1.3</ArmorRating_Blunt>
				<ArmorRating_Sharp>2.0</ArmorRating_Sharp>
				<ArmorRating_Heat>1</ArmorRating_Heat>
				<ArmorRating_Electric>3</ArmorRating_Electric>
			</statFactors>
		</stuffProps>
		<thingCategories>
			<li>Textiles</li>
		</thingCategories>
		<comps>
			<li>
				<compClass>CompColorable</compClass>
			</li>
		</comps>
	</ThingDef>

	<ThingDef ParentName="ResourceBase">
		<defName>Hyperweave</defName>
		<label>hyperweave</label>
		<description>High-tech nano-fibers woven into sheets. It is somewhat heavy, but is incredibly difficult to break. The secrets of its production are known only to the most advanced glitterworld cultures.</description>
		<graphicPath>Things/Item/Resource/Hyperweave</graphicPath>
		<graphicClass>Graphic_Single</graphicClass>
		<statBases>
			<MarketValue>45</MarketValue>
			<Flammability>1.0</Flammability>
		</statBases>
		<stuffProps>
			<categories>
				<li>Fabric</li>
			</categories>
			<color>(0,106,126)</color>
			<statOffsets>
				<ArmorRating_Blunt>0.03</ArmorRating_Blunt>
				<ArmorRating_Sharp>0.03</ArmorRating_Sharp>
				<ArmorRating_Heat>0.03</ArmorRating_Heat>
			</statOffsets>
			<statFactors>
				<Beauty>2</Beauty>
				<WorkToMake>1.8</WorkToMake>
				<ArmorRating_Blunt>1.6</ArmorRating_Blunt>
				<ArmorRating_Sharp>4.0</ArmorRating_Sharp>
				<ArmorRating_Heat>2.0</ArmorRating_Heat>
				<ArmorRating_Electric>0</ArmorRating_Electric>
				<Insulation_Cold>1.1</Insulation_Cold>
				<Insulation_Heat>1.1</Insulation_Heat>
			</statFactors>
		</stuffProps>
		<thingCategories>
			<li>Textiles</li>
		</thingCategories>
	</ThingDef>

	<!--=================== Plant products ===============-->

	<ThingDef Abstract="True" ParentName="ResourceBase" Name="PlantProductBase">
		<graphicClass>Graphic_Single</graphicClass>
		<soundInteract>Food_Drop</soundInteract>
		<soundDrop>Food_Drop</soundDrop>
		<socialPropernessMatters>true</socialPropernessMatters>
		<statBases>
			<MaxHitPoints>100</MaxHitPoints>
			<Flammability>1.0</Flammability>
			<DeteriorationRate>5</DeteriorationRate>
		</statBases>
		<tickerType>Rare</tickerType>
	</ThingDef>
  
	<ThingDef ParentName="PlantProductBase">
		<defName>RawHops</defName>
		<label>hops</label>
		<description>Raw hops. Awful and not nutritious to eat, but necessary for making beer</description>
		<graphicPath>Things/Item/Resource/PlantFoodRaw/Hops</graphicPath>
		<statBases>
			<MarketValue>2.0</MarketValue>
		</statBases>
		<thingCategories>
			<li>ResourcesRaw</li>
		</thingCategories>
		<comps>
			<li Class="CompProperties_Rottable">
				<daysToRotStart>25</daysToRotStart>
				<rotDestroys>true</rotDestroys>
			</li>
		</comps>
	</ThingDef>
  
	<!--=============== Raw foods ====================-->

	<ThingDef Abstract="True" ParentName="PlantProductBase" Name="RawFoodBase">
		<ingestible>
			<preferability>Raw</preferability>
			<nutrition>0.05</nutrition>
			<eatEffect>EatVegetarian</eatEffect>
			<soundEat>RawVegetable_Eat</soundEat>
		</ingestible>
		<thingCategories>
			<li>PlantFoodRaw</li>
		</thingCategories>
	</ThingDef>

	<ThingDef ParentName="RawFoodBase">
		<defName>RawPotatoes</defName>
		<label>potatoes</label>
		<description>Raw potatoes.</description>
		<graphicPath>Things/Item/Resource/PlantFoodRaw/Potatoes</graphicPath>
		<statBases>
			<MarketValue>1.9</MarketValue>
		</statBases>
		<ingestible>
			<ingestedDirectThought>AteRawFood</ingestedDirectThought>
		</ingestible>
		<comps>
			<li Class="CompProperties_Rottable">
				<daysToRotStart>30</daysToRotStart>
			</li>
		</comps>
	</ThingDef>

	<ThingDef ParentName="RawFoodBase">
		<defName>RawCorn</defName>
		<label>corn</label>
		<description>Raw corn. Nice to eat, even when raw.</description>
		<graphicPath>Things/Item/Resource/PlantFoodRaw/Corn</graphicPath>
		<statBases>
			<MarketValue>2.1</MarketValue>
		</statBases>
		<comps>
			<li Class="CompProperties_Rottable">
				<daysToRotStart>60</daysToRotStart>
			</li>
		</comps>
	</ThingDef>

	<ThingDef ParentName="RawFoodBase">
		<defName>RawRice</defName>
		<label>rice</label>
		<description>Raw rice.</description>
		<graphicPath>Things/Item/Resource/PlantFoodRaw/Rice</graphicPath>
		<statBases>
			<MarketValue>1.9</MarketValue>
		</statBases>
		<ingestible>
			<ingestedDirectThought>AteRawFood</ingestedDirectThought>
		</ingestible>
		<comps>
			<li Class="CompProperties_Rottable">
				<daysToRotStart>40</daysToRotStart>
			</li>
		</comps>
	</ThingDef>

	<ThingDef ParentName="RawFoodBase">
		<defName>RawBerries</defName>
		<label>berries</label>
		<description>Assorted berries. Nice to eat, even when raw.</description>
		<graphicPath>Things/Item/Resource/PlantFoodRaw/Berries</graphicPath>
		<statBases>
			<MarketValue>2.1</MarketValue>
		</statBases>
		<comps>
			<li Class="CompProperties_Rottable">
				<daysToRotStart>14</daysToRotStart>
			</li>
		</comps>
	</ThingDef>

	<ThingDef ParentName="RawFoodBase">
		<defName>RawAgave</defName>
		<label>agave fruit</label>
		<description>Raw agave fruit.</description>
		<graphicPath>Things/Item/Resource/PlantFoodRaw/AgaveFruit</graphicPath>
		<statBases>
			<MarketValue>2.1</MarketValue>
		</statBases>
		<ingestible>
			<ingestedDirectThought>AteRawFood</ingestedDirectThought>
		</ingestible>
		<comps>
			<li Class="CompProperties_Rottable">
				<daysToRotStart>25</daysToRotStart>
			</li>
		</comps>
	</ThingDef>

	<!--=============== Medicine ====================-->

	<ThingDef ParentName="ResourceBase">
		<defName>HerbalMedicine</defName>
		<label>herbal medicine</label>
		<description>A pack of herbal concoctions typically extracted from the xerigium plant. Less potent than industrial pharmaceuticals.</description>
		<thingClass>Medicine</thingClass>
		<graphicPath>Things/Item/Resource/MedicineHerbal</graphicPath>
		<graphicClass>Graphic_Single</graphicClass>
		<soundInteract>Standard_Drop</soundInteract>
		<soundDrop>Standard_Drop</soundDrop>
		<statBases>
			<MaxHitPoints>100</MaxHitPoints>
			<MarketValue>5</MarketValue>
			<Flammability>1.0</Flammability>
			<MedicalPotency>0.85</MedicalPotency>
			<DeteriorationRate>5</DeteriorationRate>
		</statBases>
		<thingCategories>
			<li>Medicine</li>
		</thingCategories>
		<tickerType>Rare</tickerType>
		<comps>
			<li Class="CompProperties_Rottable">
				<daysToRotStart>150</daysToRotStart>
			</li>
		</comps>
	</ThingDef>

	<ThingDef ParentName="ResourceBase">
		<defName>Medicine</defName>
		<label>medicine</label>
		<description>Medical staff use these supplies to heal the wounded.</description>
		<thingClass>Medicine</thingClass>
		<graphicPath>Things/Item/Resource/Medicine</graphicPath>
		<graphicClass>Graphic_Single</graphicClass>
		<soundInteract>Standard_Drop</soundInteract>
		<soundDrop>Standard_Drop</soundDrop>
		<statBases>
			<MaxHitPoints>100</MaxHitPoints>
			<MarketValue>25</MarketValue>
			<Flammability>1.0</Flammability>
			<MedicalPotency>1.0</MedicalPotency>
			<DeteriorationRate>1</DeteriorationRate>
		</statBases>
		<thingCategories>
			<li>Medicine</li>
		</thingCategories>
	</ThingDef>

	<ThingDef ParentName="ResourceBase">
		<defName>GlitterworldMedicine</defName>
		<label>glitterworld medicine</label>
		<description>Advanced medical supplies from a high-tech glitterworld.</description>
		<thingClass>Medicine</thingClass>
		<graphicPath>Things/Item/Resource/MedicineGlitterworld</graphicPath>
		<graphicClass>Graphic_Single</graphicClass>
		<soundInteract>Standard_Drop</soundInteract>
		<soundDrop>Standard_Drop</soundDrop>
		<statBases>
			<MarketValue>100</MarketValue>
			<Flammability>1.0</Flammability>
			<MedicalPotency>1.8</MedicalPotency>
		</statBases>
		<thingCategories>
			<li>Medicine</li>
		</thingCategories>
		<tradeTags>
			<li>Exotic</li>
		</tradeTags>
	</ThingDef>


</Resources>