﻿<?xml version="1.0" encoding="utf-8" ?>
<ThingDefs>

	<ThingDef Name="MealBase" Abstract="True">
		<label>meal</label>
		<thingClass>Meal</thingClass>
		<category>Item</category>
		<useHitPoints>true</useHitPoints>
		<selectable>true</selectable>
		<statBases>
			<MaxHitPoints>50</MaxHitPoints>
			<Flammability>1.0</Flammability>
		</statBases>
		<altitudeLayer>Item</altitudeLayer>
		<stackLimit>10</stackLimit>
		<tickerType>Rare</tickerType>
		<description>"Meal lacks desc."</description>
		<socialPropernessMatters>true</socialPropernessMatters>
		<thingCategories>
			<li>FoodMeals</li>
		</thingCategories>
		<alwaysHaulable>true</alwaysHaulable>
		<comps>
			<li>
				<compClass>CompForbiddable</compClass>
			</li>
		</comps>
		<pathCost>15</pathCost>
		<resourceReadoutPriority>Last</resourceReadoutPriority>
		<drawGUIOverlay>true</drawGUIOverlay>
		<ingestible>
			<maxNumToIngestAtOnce>1</maxNumToIngestAtOnce>
		</ingestible>
	</ThingDef>

	<ThingDef ParentName="MealBase" Name="MealRottable" Abstract="True">
		<comps>
			<li Class="CompProperties_Rottable">
				<compClass>CompRottable</compClass>
				<daysToRotStart>4</daysToRotStart>
				<rotDestroys>true</rotDestroys>
			</li>
		</comps>
	</ThingDef>
  

	<ThingDef ParentName="MealBase">
		<defName>MealSurvivalPack</defName>
		<label>packaged survival meal</label>
		<description>A high-quality packaged meal, manufactured for use in survival situations.</description>
		<graphicPath>Things/Item/Meal/SurvivalPack</graphicPath>
		<graphicClass>Graphic_Single</graphicClass>
		<statBases>
			<DeteriorationRate>0.25</DeteriorationRate>
			<MarketValue>30</MarketValue>
		</statBases>
		<ingestible>
			<preferability>Fine</preferability>
			<nutrition>0.90</nutrition>
			<joy>0.02</joy>
			<eatEffect>EatVegetarian</eatEffect>
			<soundEat>Meal_Eat</soundEat>
		</ingestible>
	</ThingDef>

  
	<ThingDef ParentName="MealRottable">
		<defName>MealNutrientPaste</defName>
		<label>nutrient paste meal</label>
		<description>A synthetic mixture of protein, carbohydrates, and vitamins, amino acids and minerals. Everything the body needs, and absolutely disgusting.</description>
		<graphicPath>Things/Item/Meal/NutrientPaste</graphicPath>
		<graphicClass>Graphic_Single</graphicClass>
		<statBases>
			<DeteriorationRate>10</DeteriorationRate>
			<MarketValue>15</MarketValue>
		</statBases>
		<ingestible>
			<preferability>Awful</preferability>
			<nutrition>0.90</nutrition>
			<joy>-0.04</joy>
			<ingestedDirectThought>AteNutrientPasteMeal</ingestedDirectThought>
			<eatEffect>EatVegetarian</eatEffect>
			<soundEat>Meal_Eat</soundEat>
		</ingestible>
	</ThingDef>
  
  
	<ThingDef ParentName="MealRottable">
		<defName>MealSalad</defName>
		<label>simple salad</label>
		<description>A simple salad made from gathered vegetables.</description>
		<graphicPath>Things/Item/Meal/Salad</graphicPath>
		<graphicClass>Graphic_Single</graphicClass>
		<statBases>
			<DeteriorationRate>10</DeteriorationRate>
			<MarketValue>15</MarketValue>
			<WorkToMake>300</WorkToMake>
		</statBases>
		<ingestible>
			<preferability>Simple</preferability>
			<nutrition>0.60</nutrition>
			<joy>0.02</joy>
			<eatEffect>EatVegetarian</eatEffect>
			<soundEat>Meal_Eat</soundEat>
		</ingestible>
	</ThingDef>
	
	
	<ThingDef ParentName="MealBase">
		<defName>MealJerky</defName>
		<label>jerky</label>
		<description>jerky made from raw meat.</description>
		<graphicPath>Things/Item/Meal/Jerky</graphicPath>
		<graphicClass>Graphic_Single</graphicClass>
		<statBases>
			<DeteriorationRate>10</DeteriorationRate>
			<MarketValue>15</MarketValue>
			<WorkToMake>300</WorkToMake>
		</statBases>
		<ingestible>
			<preferability>Simple</preferability>
			<nutrition>0.60</nutrition>
			<joy>0.02</joy>
			<eatEffect>EatMeat</eatEffect>
			<soundEat>Meal_Eat</soundEat>
		</ingestible>
		<comps>
			<li Class="CompProperties_Rottable">
				<compClass>CompRottable</compClass>
				<daysToRotStart>30</daysToRotStart>
				<rotDestroys>true</rotDestroys>
			</li>
		</comps>
	</ThingDef>


	<ThingDef ParentName="MealRottable">
		<defName>MealSimple</defName>
		<label>simple meal</label>
		<description>A simple meal quickly cooked from a few ingredients.</description>
		<graphicPath>Things/Item/Meal/Simple</graphicPath>
		<graphicClass>Graphic_Single</graphicClass>
		<statBases>
			<DeteriorationRate>10</DeteriorationRate>
			<MarketValue>25</MarketValue>
			<WorkToMake>300</WorkToMake>
		</statBases>
		<ingestible>
			<preferability>Simple</preferability>
			<nutrition>0.85</nutrition>
			<joy>0.045</joy>
			<ingestedDirectThought>AteSimpleMeal</ingestedDirectThought>
			<eatEffect>EatVegetarian</eatEffect>
			<soundEat>Meal_Eat</soundEat>
		</ingestible>
	</ThingDef>


	<ThingDef ParentName="MealRottable">
		<defName>MealFine</defName>
		<label>fine meal</label>
		<description>A complex dish assembled with care from a wide selection of ingredients.</description>
		<graphicPath>Things/Item/Meal/Fine</graphicPath>
		<graphicClass>Graphic_Single</graphicClass>
		<statBases>
			<DeteriorationRate>10</DeteriorationRate>
			<MarketValue>28</MarketValue>
			<WorkToMake>450</WorkToMake>
		</statBases>
		<ingestible>
			<preferability>Fine</preferability>
			<nutrition>0.90</nutrition>
			<joy>0.045</joy>
			<ingestedDirectThought>AteFineMeal</ingestedDirectThought>
			<eatEffect>EatVegetarian</eatEffect>
			<soundEat>Meal_Eat</soundEat>
		</ingestible>
	</ThingDef>


	<ThingDef ParentName="MealRottable">
		<defName>MealLavish</defName>
		<label>lavish meal</label>
		<description>A masterpiece of the culinary arts, this meal nourishes the body, mind, and soul.</description>
		<graphicPath>Things/Item/Meal/Lavish</graphicPath>
		<graphicClass>Graphic_Single</graphicClass>
		<statBases>
			<DeteriorationRate>10</DeteriorationRate>
			<MarketValue>40</MarketValue>
			<WorkToMake>800</WorkToMake>
		</statBases>
		<ingestible>
			<preferability>Lavish</preferability>
			<nutrition>1.00</nutrition>
			<joy>0.065</joy>
			<ingestedDirectThought>AteLavishMeal</ingestedDirectThought>
			<eatEffect>EatVegetarian</eatEffect>
			<soundEat>Meal_Eat</soundEat>
		</ingestible>
	</ThingDef>


</ThingDefs>