﻿<?xml version="1.0" encoding="utf-8" ?>
<Plants>


	<ThingDef Name="PlantBase" Abstract="True">
		<category>Plant</category>
		<thingClass>Plant</thingClass>
		<altitudeLayer>LowPlant</altitudeLayer>
		<useHitPoints>True</useHitPoints>
		<statBases>
			<Flammability>0.8</Flammability>
		</statBases>
		<tickerType>Rare</tickerType>
		<selectable>False</selectable>
		<neverMultiSelect>True</neverMultiSelect>
		<drawerType>MapMeshOnly</drawerType>
		<graphicShaderType>CutoutPlant</graphicShaderType>
		<plant>
			<harvestDestroys>true</harvestDestroys>
			<soundHarvesting>Harvest_Standard</soundHarvesting>
			<soundHarvestFinish>Harvest_Standard_Finish</soundHarvestFinish>
			<sowWork>150</sowWork>
			<fertilityMin>0.5</fertilityMin>
			<fertilityFactorGrowthRate>1.0</fertilityFactorGrowthRate>
			<topWindExposure>0.1</topWindExposure>
			<visualSizeRange>
				<min>0.3</min>
				<max>1.00</max>
			</visualSizeRange>
		</plant>
	</ThingDef>

	<!--=========================== Crops ==============================-->

	<ThingDef ParentName="PlantBase">
		<defName>PlantPotato</defName>
		<label>potato plant</label>
		<description>A simple, highly nutritious tuber. Grows well even in somewhat poor soil. Harvests quickly. A strong, versatile crop.</description>
		<statBases>
			<MaxHitPoints>85</MaxHitPoints>
			<Beauty>1</Beauty>
		</statBases>
		<graphicPath>Things/Plant/PotatoPlant</graphicPath>
		<graphicClass>Graphic_Random</graphicClass>
		<selectable>true</selectable>
		<pathCost>10</pathCost>
		<ingestible>
			<preferability>Plant</preferability>
			<nutrition>0.40</nutrition>
		</ingestible>
		<plant>
			<dieIfLeafless>true</dieIfLeafless>
			<shootsSeeds>false</shootsSeeds>
			<harvestTag>Standard</harvestTag>
			<harvestedThingDef>RawPotatoes</harvestedThingDef>
			<harvestDestroys>true</harvestDestroys>
			<harvestYieldRange>
				<min>4</min>
				<max>8</max>
			</harvestYieldRange>
			<sowTags>
				<li>Ground</li>
				<li>Hydroponic</li>
			</sowTags>
			<topWindExposure>0.1</topWindExposure>
			<topWindExposure>0.1</topWindExposure>
			<growDays>4.76</growDays>
			<fertilityFactorGrowthRate>0.4</fertilityFactorGrowthRate>
			<visualSizeRange>
				<min>0.3</min>
				<max>1.05</max>
			</visualSizeRange>
		</plant>
	</ThingDef>

	<ThingDef ParentName="PlantBase">
		<defName>PlantCorn</defName>
		<label>corn plant</label>
		<description>A large grain plant which produces ears of delicious yellow seeds. Takes a relatively long time to grow, but yields lots of food, takes a long time to spoil, and can be happily eaten raw. Needs fertile soil to grow well.</description>
		<statBases>
			<MaxHitPoints>150</MaxHitPoints>
			<Beauty>1</Beauty>
		</statBases>
		<graphicPath>Things/Plant/CornPlant</graphicPath>
		<graphicClass>Graphic_Random</graphicClass>
		<selectable>true</selectable>
		<pathCost>12</pathCost>
		<ingestible>
			<preferability>Plant</preferability>
			<nutrition>0.80</nutrition>
		</ingestible>
		<plant>
			<dieIfLeafless>true</dieIfLeafless>
			<shootsSeeds>false</shootsSeeds>
			<harvestTag>Standard</harvestTag>
			<harvestedThingDef>RawCorn</harvestedThingDef>
			<harvestDestroys>true</harvestDestroys>
			<harvestYieldRange>
				<min>8</min>
				<max>18</max>
			</harvestYieldRange>
			<topWindExposure>0.35</topWindExposure>
			<growDays>10.52</growDays>
			<fertilityFactorGrowthRate>1.0</fertilityFactorGrowthRate>
			<visualSizeRange>
				<min>0.3</min>
				<max>1.4</max>
			</visualSizeRange>
		</plant>
	</ThingDef>
  
	<ThingDef ParentName="PlantBase">
		<defName>PlantRice</defName>
		<label>rice plant</label>
		<description>A low grain plant that thrives in rich soil and yields food fast, but is not nice to eat uncooked.</description>
		<statBases>
			<MaxHitPoints>85</MaxHitPoints>
			<Beauty>1</Beauty>
		</statBases>
		<graphicPath>Things/Plant/RicePlant</graphicPath>
		<graphicClass>Graphic_Random</graphicClass>
		<selectable>true</selectable>
		<pathCost>10</pathCost>
		<ingestible>
			<preferability>Plant</preferability>
			<nutrition>0.40</nutrition>
		</ingestible>
		<plant>
			<dieIfLeafless>true</dieIfLeafless>
			<shootsSeeds>false</shootsSeeds>
			<maxMeshCount>4</maxMeshCount>
			<harvestTag>Standard</harvestTag>
			<harvestedThingDef>RawRice</harvestedThingDef>
			<harvestDestroys>true</harvestDestroys>
			<harvestYieldRange>
				<min>4</min>
				<max>6</max>
			</harvestYieldRange>
			<topWindExposure>0.1</topWindExposure>
			<growDays>3.76</growDays>
			<fertilityFactorGrowthRate>1.0</fertilityFactorGrowthRate>
			<visualSizeRange>
				<min>0.3</min>
				<max>0.8</max>
			</visualSizeRange>
		</plant>
	</ThingDef>
  
	<ThingDef ParentName="PlantBase">
		<defName>PlantStrawberry</defName>
		<label>strawberry plant</label>
		<description>A fragile but tasty fruit. Delicious even when raw.</description>
		<statBases>
			<MaxHitPoints>85</MaxHitPoints>
			<Beauty>1</Beauty>
		</statBases>
		<graphicPath>Things/Plant/StrawberryPlant</graphicPath><graphicClass>Graphic_Random</graphicClass>
		<selectable>true</selectable>
		<pathCost>10</pathCost>
		<ingestible>
			<preferability>Plant</preferability>
			<nutrition>0.40</nutrition>
		</ingestible>
		<plant>
			<dieIfLeafless>true</dieIfLeafless>
			<shootsSeeds>false</shootsSeeds>
			<harvestTag>Standard</harvestTag>
			<harvestedThingDef>RawBerries</harvestedThingDef>
			<harvestDestroys>true</harvestDestroys>
			<harvestYieldRange>
				<min>4</min>
				<max>6</max>
			</harvestYieldRange>
			<topWindExposure>0.1</topWindExposure>
			<growDays>4.08</growDays>
			<fertilityFactorGrowthRate>0.6</fertilityFactorGrowthRate>
			<visualSizeRange>
				<min>0.3</min>
				<max>1.05</max>
			</visualSizeRange>
		</plant>
	</ThingDef>
	
	<ThingDef ParentName="PlantBase">
		<defName>PlantCotton</defName>
		<label>cotton plant</label>
		<description>Yields cotton, a fine plant fiber used to make cloth.</description>
		<statBases>
			<MaxHitPoints>85</MaxHitPoints>
			<Beauty>1</Beauty>
		</statBases>
		<graphicPath>Things/Plant/CottonPlant</graphicPath><graphicClass>Graphic_Random</graphicClass>
		<selectable>true</selectable>
		<pathCost>10</pathCost>
		<ingestible>
			<preferability>Plant</preferability>
			<nutrition>0.40</nutrition>
		</ingestible>
		<plant>
			<dieIfLeafless>true</dieIfLeafless>
			<shootsSeeds>false</shootsSeeds>
			<harvestTag>Standard</harvestTag>
			<harvestedThingDef>RawCotton</harvestedThingDef>
			<harvestDestroys>true</harvestDestroys>
			<harvestYieldRange>
				<min>2</min>
				<max>5</max>
			</harvestYieldRange>
			<topWindExposure>0.1</topWindExposure>
			<growDays>4.16</growDays>
			<fertilityFactorGrowthRate>0.4</fertilityFactorGrowthRate>
			<visualSizeRange>
				<min>0.3</min>
				<max>1.05</max>
			</visualSizeRange>
		</plant>
	</ThingDef>

	<ThingDef ParentName="PlantBase">
		<defName>PlantDevilstrand</defName>
		<label>devilstrand</label>
		<description>This fragile mushroom was genetically engineered to produce a silk net of the highest grade. Long rumored to have mystical properties, it owes its name to the greed it inspires in people.</description>
		<statBases>
			<MaxHitPoints>100</MaxHitPoints>
			<Beauty>-1</Beauty>
		</statBases>
		<graphicPath>Things/Plant/Devilstrand</graphicPath><graphicClass>Graphic_Random</graphicClass>
		<selectable>true</selectable>
		<pathCost>10</pathCost>
		<ingestible>
			<preferability>Plant</preferability>
			<nutrition>0.05</nutrition>
		</ingestible>
		<plant>
			<dieIfLeafless>true</dieIfLeafless>
			<shootsSeeds>false</shootsSeeds>
			<harvestTag>Standard</harvestTag>
			<harvestedThingDef>RawDevilstrand</harvestedThingDef>
			<harvestDestroys>true</harvestDestroys>
			<harvestYieldRange>
				<min>1</min>
				<max>3</max>
			</harvestYieldRange>
			<topWindExposure>0.1</topWindExposure>
			<growDays>8.32</growDays>
			<fertilityFactorGrowthRate>0.4</fertilityFactorGrowthRate>
			<visualSizeRange>
				<min>0.3</min>
				<max>1.0</max>
			</visualSizeRange>
		</plant>
	</ThingDef>

	<ThingDef ParentName="PlantBase">
		<defName>PlantXerigium</defName>
		<label>xerigium</label>
		<description>This plant was selectively bred for centuries by settlers. It is sometimes also called &quot;healer's hand&quot; by tribespeople - a nickname it owes to its five major medicinal virtues.</description>
		<statBases>
			<MaxHitPoints>85</MaxHitPoints>
			<Beauty>1</Beauty>
		</statBases>
		<graphicPath>Things/Plant/Xerigium</graphicPath><graphicClass>Graphic_Random</graphicClass>
		<selectable>true</selectable>
		<pathCost>10</pathCost>
		<ingestible>
			<preferability>Plant</preferability>
			<nutrition>0.20</nutrition>
		</ingestible>
		<plant>
			<dieIfLeafless>true</dieIfLeafless>
			<shootsSeeds>false</shootsSeeds>
			<harvestTag>Standard</harvestTag>
			<harvestedThingDef>HerbalMedicine</harvestedThingDef>
			<harvestDestroys>true</harvestDestroys>
			<harvestYieldRange>
				<min>1</min>
				<max>1</max>
			</harvestYieldRange>
			<topWindExposure>0.1</topWindExposure>
			<growDays>10</growDays>
			<fertilityFactorGrowthRate>0.4</fertilityFactorGrowthRate>
			<visualSizeRange>
				<min>0.3</min>
				<max>1.0</max>
			</visualSizeRange>
		</plant>
	</ThingDef>

	<ThingDef ParentName="PlantBase">
		<defName>PlantHops</defName>
		<label>hop plant</label>
		<description>A flowering plant that yields hops, and essential ingredient in beer.</description>
		<statBases>
			<MaxHitPoints>85</MaxHitPoints>
			<Beauty>1</Beauty>
		</statBases>
		<graphicPath>Things/Plant/HopsPlant</graphicPath>
		<graphicClass>Graphic_Random</graphicClass>
		<selectable>true</selectable>
		<pathCost>10</pathCost>
		<ingestible>
			<preferability>Plant</preferability>
			<nutrition>0.40</nutrition>
		</ingestible>
		<plant>
			<dieIfLeafless>true</dieIfLeafless>
			<shootsSeeds>false</shootsSeeds>
			<harvestTag>Standard</harvestTag>
			<harvestedThingDef>RawHops</harvestedThingDef>
			<harvestDestroys>true</harvestDestroys>
			<harvestYieldRange>
				<min>4</min>
				<max>8</max>
			</harvestYieldRange>
			<topWindExposure>0.1</topWindExposure>
			<growDays>4.16</growDays>
			<fertilityFactorGrowthRate>0.4</fertilityFactorGrowthRate>
			<visualSizeRange>
				<min>0.3</min>
				<max>1.05</max>
			</visualSizeRange>
		</plant>
	</ThingDef>


</Plants>