﻿<?xml version="1.0" encoding="utf-8" ?>
<ThingDefs>

	<ThingDef Name="BasePawn" Abstract="True">
		<thingClass>Pawn</thingClass>
		<category>Pawn</category>
		<selectable>true</selectable>
		<tickerType>Normal</tickerType>
		<altitudeLayer>Pawn</altitudeLayer>
		<useHitPoints>false</useHitPoints>
		<hasTooltip>true</hasTooltip>
		<soundImpactDefault>BulletImpactFlesh</soundImpactDefault>
		<inspectorTabs>
			<li>ITab_Pawn_Health</li>
			<li>ITab_Pawn_Needs</li>
			<li>ITab_Pawn_Character</li>
			<li>ITab_Pawn_Gear</li>
			<li>ITab_Pawn_Guest</li>
			<li>ITab_Pawn_Prisoner</li>
		</inspectorTabs>
		<comps>
			<li>
				<compClass>CompAttachBase</compClass>
			</li>
		</comps>
		<drawGUIOverlay>true</drawGUIOverlay>
	</ThingDef>

  <!-- ============================ Human ========================== -->

	<ThingDef ParentName="BasePawn">
		<defName>Human</defName>
		<label>human</label>
		<description>A baseline human, mostly unmodified by gene engineering and mostly unchanged by evolutionary pressures on non-Earth planets.</description>
		<uiIconPath>Things/Pawn/Humanlike/UI/IconHuman</uiIconPath>
		<graphicSunShadowInfo>
			<baseWidth>0.4</baseWidth>
			<baseHeight>0.4</baseHeight>
			<tallness>0.8</tallness>
		</graphicSunShadowInfo>
		<statBases>
			<MarketValue>1500</MarketValue>
			<MoveSpeed>4.61</MoveSpeed>
			<Flammability>1.0</Flammability>
			<ComfyTemperatureMin>12</ComfyTemperatureMin>
			<ComfyTemperatureMax>32</ComfyTemperatureMax>
		</statBases>
		<verbs>
			<li>
				<verbClass>Verb_MeleeAttack</verbClass>
				<defaultCooldownTicks>100</defaultCooldownTicks>
				<meleeDamageBaseAmount>5</meleeDamageBaseAmount>
				<meleeDamageDef>Blunt</meleeDamageDef>
				<linkedBodyPartsGroup>LeftHand</linkedBodyPartsGroup>
			</li>
			<li>
				<verbClass>Verb_MeleeAttack</verbClass>
				<defaultCooldownTicks>100</defaultCooldownTicks>
				<meleeDamageBaseAmount>5</meleeDamageBaseAmount>
				<meleeDamageDef>Blunt</meleeDamageDef>
				<linkedBodyPartsGroup>RightHand</linkedBodyPartsGroup>
			</li>
		</verbs>
		<race>
			<thinkTree>Humanlike</thinkTree>
			<intelligence>Humanlike</intelligence>
			<makesFootprints>true</makesFootprints>
			<isFlesh>true</isFlesh>
			<hasLeather>true</hasLeather>
			<leatherColor>(211,194,143)</leatherColor>
			<leatherCommonalityFactor>0.01</leatherCommonalityFactor>
			<leatherInsulation>0.95</leatherInsulation>
			<leatherMarketValue>15</leatherMarketValue>
			<nameCategory>HumanStandard</nameCategory>
			<minFoodPreferability>DesperateOnly</minFoodPreferability>
			<body>Human</body>
			<bodySize>1</bodySize>
			<healthScale>1</healthScale>
			<diet>Omnivorous</diet>
			<soundWounded>Pawn_Human_Wounded</soundWounded>
			<soundDeath>Pawn_Human_Death</soundDeath>
			<soundMeleeHitPawn>Pawn_Melee_Punch_HitPawn</soundMeleeHitPawn>
			<soundMeleeHitBuilding>Pawn_Melee_Punch_HitBuilding</soundMeleeHitBuilding>
			<soundMeleeMiss>Pawn_Melee_Punch_Miss</soundMeleeMiss>
			<ageGenerationCurve>
				<points>
					<li>
						<loc>(14,0)</loc>
					</li>
					<li>
						<loc>(16,100)</loc>
					</li>
					<li>
						<loc>(50,100)</loc>
					</li>
					<li>
						<loc>(60,30)</loc>
					</li>
					<li>
						<loc>(70,18)</loc>
					</li>
					<li>
						<loc>(80,10)</loc>
					</li>
					<li>
						<loc>(90,3)</loc>
					</li>
					<li>
						<loc>(100,0)</loc>
					</li>        
				</points>
			</ageGenerationCurve>
		</race>
		<recipes>
			<li>InstallNaturalEye</li>
			<li>InstallNaturalEar</li>
			<li>InstallNaturalNose</li>
			<li>InstallNaturalHeart</li>
			<li>InstallNaturalLung</li>
			<li>InstallNaturalKidney</li>
			<li>InstallNaturalLiver</li>
			<li>InstallNaturalStomach</li>
			<li>InstallPegLeg</li>
			<li>InstallDenture</li>
			<li>InstallSimpleProstheticArm</li>
			<li>InstallSimpleProstheticLeg</li>
			<li>InstallSteelDenture</li>
			<li>InstallAdvancedProstheticArm</li>
			<li>InstallAdvancedProstheticLeg</li>
			<li>InstallPlasteelDenture</li>
			<li>InstallBionicEye</li>
			<li>InstallBionicEar</li>
			<li>InstallBionicArm</li>
			<li>InstallBionicLeg</li>
			<li>InstallBionicSpine</li>
			<li>InstallBionicBrain</li>
			<li>InstallPowerClaw</li>
			<li>InstallScytherBlade</li>
			<li>RemoveBodyPart</li>
			<li>Euthanize</li>
		</recipes>
	</ThingDef>



</ThingDefs>