﻿<?xml version="1.0" encoding="utf-8" ?>

<ThingDefs>

	<ThingDef Name="BaseMeleeWeapon" Abstract="True">
		<category>Item</category>
		<thingClass>ThingWithComps</thingClass>
		<equipmentType>Primary</equipmentType>
		<pathCost>10</pathCost>
		<useHitPoints>True</useHitPoints>
		<selectable>True</selectable>
		<graphicOnGroundRandomRotateAngle>35</graphicOnGroundRandomRotateAngle>
		<drawGUIOverlay>true</drawGUIOverlay>
		<statBases>
			<MaxHitPoints>100</MaxHitPoints>
			<Flammability>1.0</Flammability>
			<DeteriorationRate>0.5</DeteriorationRate>
			<SellPriceFactor>0.5</SellPriceFactor>
		</statBases>
		<altitudeLayer>Item</altitudeLayer>
		<alwaysHaulable>True</alwaysHaulable>
		<tickerType>Never</tickerType>
		<techLevel>Midworld</techLevel>
		<weaponTags>
			<li>Melee</li>
		</weaponTags>
		<thingCategories>
			<li>WeaponsMelee</li>
		</thingCategories>
		<comps>
			<li>
				<compClass>CompForbiddable</compClass>
			</li>
			<li>
				<compClass>CompEquippable</compClass>
			</li>
			<li>
				<compClass>CompQuality</compClass>
			</li>
			<li>
				<compClass>CompArt</compClass>
				<nameMaker>NamerMeleeWeapon</nameMaker>
				<descriptionMaker>ArtWeaponMelee</descriptionMaker>
				<minQualityForArtistic>Excellent</minQualityForArtistic>
			</li>
		</comps>
		<recipeMaker>
			<workSpeedStat>SmithingSpeed</workSpeedStat>
			<workSkill>Crafting</workSkill>
			<effectWorking>Smith</effectWorking>
			<soundWorking>Recipe_Smith</soundWorking>
			<recipeUsers>
				<li>TableStonecutter</li>
			</recipeUsers>
			<unfinishedThingDef>UnfinishedWeapon</unfinishedThingDef>
		</recipeMaker>
		<inspectorTabs>
			<li>ITab_Art</li>
		</inspectorTabs>
	</ThingDef>

	<ThingDef Name="BaseMeleeWeapon_Sharp" ParentName="BaseMeleeWeapon" Abstract="True">
		<recipeMaker>
			<defaultIngredientFilter>
				<categories>
					<li>Root</li>
				</categories>
				<exceptedThingDefs>
					<li>Silver</li>
					<li>Gold</li>
					<li>WoodLog</li>
				</exceptedThingDefs>
			</defaultIngredientFilter>
		</recipeMaker>
	</ThingDef>

	<ThingDef Name="BaseMeleeWeapon_Blunt" ParentName="BaseMeleeWeapon" Abstract="True">
		<recipeMaker>
			<defaultIngredientFilter>
				<categories>
					<li>Root</li>
				</categories>
				<exceptedThingDefs>
					<li>Silver</li>
					<li>Gold</li>
				</exceptedThingDefs>
			</defaultIngredientFilter>
		</recipeMaker>
	</ThingDef>
  
  
	<!--=============== Gladius ====================-->

	<ThingDef ParentName="BaseMeleeWeapon_Sharp">
		<defName>MeleeWeapon_Gladius</defName>
		<label>gladius</label>
		<description>A short sword of ancient design. Good for stabbing or slashing.</description>
		<graphicPath>Things/Item/Equipment/WeaponMelee/Gladius</graphicPath>
		<graphicClass>Graphic_Single</graphicClass>
		<soundInteract>InteractPistol</soundInteract>
		<costStuffCount>50</costStuffCount>
		<statBases>
			<WorkToMake>2000</WorkToMake>
			<MeleeWeapon_DamageAmount>12</MeleeWeapon_DamageAmount>
			<MeleeWeapon_Cooldown>1.95</MeleeWeapon_Cooldown>
		</statBases>
		<equippedAngleOffset>-65</equippedAngleOffset>
		<stuffCategories>
			<li>Metallic</li>
			<li>Woody</li>
		</stuffCategories>
		<verbs>
			<li>
				<verbClass>Verb_MeleeAttack</verbClass>
				<hasStandardCommand>true</hasStandardCommand>
				<meleeDamageDef>Cut</meleeDamageDef>
			</li>
		</verbs>
	</ThingDef>

	<!--=============== Longsword ====================-->

	<ThingDef ParentName="BaseMeleeWeapon_Sharp">
		<defName>MeleeWeapon_LongSword</defName>
		<label>longsword</label>
		<description>The ancient weapon of kings, the longsword can be used for slashing or stabbing and is deadly in the right hands.</description>
		<graphicPath>Things/Item/Equipment/WeaponMelee/LongSword</graphicPath>
		<graphicClass>Graphic_Single</graphicClass>
		<soundInteract>InteractPistol</soundInteract>
		<costStuffCount>120</costStuffCount>
		<statBases>
			<WorkToMake>4000</WorkToMake>
			<MeleeWeapon_DamageAmount>17</MeleeWeapon_DamageAmount>
			<MeleeWeapon_Cooldown>2.5</MeleeWeapon_Cooldown>
		</statBases>
		<equippedAngleOffset>-65</equippedAngleOffset>
		<stuffCategories>
			<li>Metallic</li>
			<li>Woody</li>
		</stuffCategories>
		<verbs>
			<li>
				<verbClass>Verb_MeleeAttack</verbClass>
				<hasStandardCommand>true</hasStandardCommand>
				<meleeDamageDef>Cut</meleeDamageDef>
			</li>
		</verbs>
	</ThingDef>

	<!--=============== Knife ====================-->

	<ThingDef ParentName="BaseMeleeWeapon_Sharp">
		<defName>MeleeWeapon_Knife</defName>
		<label>knife</label>
		<description>One of humankind's oldest tools, the knife is both an everyday tool and a deadly weapon.</description>
		<graphicPath>Things/Item/Equipment/WeaponMelee/Knife</graphicPath>
		<graphicClass>Graphic_Single</graphicClass>
		<soundInteract>InteractPistol</soundInteract>
		<costStuffCount>40</costStuffCount>
		<statBases>
			<WorkToMake>1200</WorkToMake>
			<MeleeWeapon_DamageAmount>9</MeleeWeapon_DamageAmount>
			<MeleeWeapon_Cooldown>1.66</MeleeWeapon_Cooldown>
		</statBases>
		<equippedAngleOffset>-65</equippedAngleOffset>
		<stuffCategories>
			<li>Metallic</li>
		</stuffCategories>
		<verbs>
			<li>
				<verbClass>Verb_MeleeAttack</verbClass>
				<hasStandardCommand>true</hasStandardCommand>
				<meleeDamageDef>Cut</meleeDamageDef>
			</li>
		</verbs>
	</ThingDef>
	
	<!--=============== Shiv ====================-->

	<ThingDef ParentName="BaseMeleeWeapon_Sharp">
		<defName>MeleeWeapon_Shiv</defName>
		<label>shiv</label>
		<description>An improvised knife-like weapon.</description>
		<graphicPath>Things/Item/Equipment/WeaponMelee/Shiv</graphicPath>
		<graphicClass>Graphic_Single</graphicClass>
		<soundInteract>InteractPistol</soundInteract>
		<tradeability>Sellable</tradeability>
		<costStuffCount>10</costStuffCount>
		<statBases>
			<WorkToMake>600</WorkToMake>
			<MeleeWeapon_DamageAmount>8</MeleeWeapon_DamageAmount>
			<DeteriorationRate>0.25</DeteriorationRate>
			<MeleeWeapon_Cooldown>1.66</MeleeWeapon_Cooldown>
		</statBases>
		<equippedAngleOffset>-65</equippedAngleOffset>
		<stuffCategories>
			<li>Metallic</li>
			<li>Woody</li>
			<li>Stony</li>
		</stuffCategories>
		<verbs>
			<li>
				<verbClass>Verb_MeleeAttack</verbClass>
				<hasStandardCommand>true</hasStandardCommand>
				<meleeDamageDef>Cut</meleeDamageDef>
			</li>
		</verbs>
	</ThingDef>
  
 	<!--=============== Spear ====================-->

	<ThingDef ParentName="BaseMeleeWeapon_Sharp">
		<defName>MeleeWeapon_Spear</defName>
		<label>spear</label>
		<description>A polearm tipped with a sharp point for stabbing opponents in melee combat.</description>
		<graphicPath>Things/Item/Equipment/WeaponMelee/Spear</graphicPath>
		<graphicClass>Graphic_Single</graphicClass>
		<techLevel>Neolithic</techLevel>
		<weaponTags>
			<li>Neolithic</li>
			<li>NeolithicMelee</li>
		</weaponTags>
		<costStuffCount>90</costStuffCount>
		<statBases>
			<WorkToMake>2500</WorkToMake>
			<MeleeWeapon_DamageAmount>15</MeleeWeapon_DamageAmount>
			<MeleeWeapon_Cooldown>2.3</MeleeWeapon_Cooldown>
		</statBases>
		<equippedAngleOffset>-25</equippedAngleOffset>
		<stuffCategories>
			<li>Metallic</li>
			<li>Woody</li>
		</stuffCategories>
		<verbs>
			<li>
				<verbClass>Verb_MeleeAttack</verbClass>
				<hasStandardCommand>true</hasStandardCommand>
				<meleeDamageDef>Stab</meleeDamageDef>
			</li>
		</verbs>
	</ThingDef>
	
 	<!--=============== Mace ====================-->

	<ThingDef ParentName="BaseMeleeWeapon_Blunt">
		<defName>MeleeWeapon_Mace</defName>
		<label>mace</label>
		<description>A refined club, engineered for efficient swinging and deadly impacts.</description>
		<graphicPath>Things/Item/Equipment/WeaponMelee/Mace</graphicPath>
		<graphicClass>Graphic_Single</graphicClass>
		<costStuffCount>75</costStuffCount>
		<statBases>
			<WorkToMake>2500</WorkToMake>
			<MeleeWeapon_DamageAmount>10</MeleeWeapon_DamageAmount>
			<MeleeWeapon_Cooldown>2.1</MeleeWeapon_Cooldown>
		</statBases>
		<equippedAngleOffset>-65</equippedAngleOffset>
		<stuffCategories>
			<li>Metallic</li>
			<li>Woody</li>
		</stuffCategories>
		<verbs>
			<li>
				<verbClass>Verb_MeleeAttack</verbClass>
				<hasStandardCommand>true</hasStandardCommand>
				<meleeDamageDef>Blunt</meleeDamageDef>
			</li>
		</verbs>
	</ThingDef>

 	<!--=============== Club ====================-->

	<ThingDef ParentName="BaseMeleeWeapon_Blunt">
		<defName>MeleeWeapon_Club</defName>
		<label>club</label>
		<description>The oldest human weapon - a shaped piece of wood for bashing enemies to death. Primitive but effective.</description>
		<graphicPath>Things/Item/Equipment/WeaponMelee/Club</graphicPath>
		<graphicClass>Graphic_Single</graphicClass>
		<techLevel>Neolithic</techLevel>
		<weaponTags>
			<li>Neolithic</li>
			<li>NeolithicMelee</li>
		</weaponTags>
		<tradeability>Sellable</tradeability>
		<costStuffCount>40</costStuffCount>
		<statBases>
			<WorkToMake>1200</WorkToMake>
			<MeleeWeapon_DamageAmount>11</MeleeWeapon_DamageAmount>
			<DeteriorationRate>0.25</DeteriorationRate>
			<MeleeWeapon_Cooldown>2.7</MeleeWeapon_Cooldown>
		</statBases>
		<equippedAngleOffset>-65</equippedAngleOffset>
		<stuffCategories>
			<li>Metallic</li>
			<li>Woody</li>
			<li>Stony</li>
		</stuffCategories>
		<verbs>
			<li>
				<verbClass>Verb_MeleeAttack</verbClass>
				<hasStandardCommand>true</hasStandardCommand>
				<meleeDamageDef>Blunt</meleeDamageDef>
			</li>
		</verbs>
	</ThingDef>


</ThingDefs>