﻿<?xml version="1.0" encoding="utf-8" ?>
<ThingDefs>


	<ThingDef Name="BaseGun" Abstract="True">
		<category>Item</category>
		<thingClass>ThingWithComps</thingClass>
		<equipmentType>Primary</equipmentType>
		<pathCost>10</pathCost>
		<useHitPoints>True</useHitPoints>
		<selectable>True</selectable>
		<graphicOnGroundRandomRotateAngle>35</graphicOnGroundRandomRotateAngle>
		<drawGUIOverlay>true</drawGUIOverlay>
		<statBases>
			<MaxHitPoints>100</MaxHitPoints>
			<Flammability>1.0</Flammability>
			<DeteriorationRate>1</DeteriorationRate>
			<SellPriceFactor>0.5</SellPriceFactor>
		</statBases>
		<altitudeLayer>Item</altitudeLayer>
		<alwaysHaulable>True</alwaysHaulable>
		<tickerType>Never</tickerType>
		<techLevel>Midworld</techLevel>
		<thingCategories>
			<li>WeaponsRanged</li>
		</thingCategories>
		<inspectorTabs>
			<li>ITab_Art</li>
		</inspectorTabs>
		<comps>
			<li>
				<compClass>CompForbiddable</compClass>
			</li>
			<li>
				<compClass>CompEquippable</compClass>
			</li>
			<li>
				<compClass>CompQuality</compClass>
			</li>
			<li>
				<compClass>CompArt</compClass>
				<nameMaker>NamerGun</nameMaker>
				<descriptionMaker>ArtWeaponGun</descriptionMaker>
				<minQualityForArtistic>Excellent</minQualityForArtistic>
			</li>
		</comps>
		<smeltProducts>
			<Steel>20</Steel>
		</smeltProducts>
	</ThingDef>

	<ThingDef Name="BaseHumanGun" ParentName="BaseGun" Abstract="True">
		<weaponTags>
			<li>Gun</li>
		</weaponTags>
	</ThingDef>

	<ThingDef Name="BaseBullet" Abstract="True">
		<category>Projectile</category>
		<tickerType>Normal</tickerType>
		<altitudeLayer>Projectile</altitudeLayer>
		<thingClass>Bullet</thingClass>
		<label>bullet</label>
		<useHitPoints>False</useHitPoints>
		<neverMultiSelect>True</neverMultiSelect>
		<graphicShaderType>Transparent</graphicShaderType>
	</ThingDef>
	
	
	<!-- ================ turret guns ============== -->

	
	<ThingDef ParentName="BaseBullet">
		<defName>Bullet_TurretImprovised</defName>
		<label>improvised turret bullet</label>
		<graphicPath>Things/Projectile/Bullet_Small</graphicPath>
		<graphicClass>Graphic_Single</graphicClass>
		<projectile>
			<damageDef>Bullet</damageDef>
			<damageAmountBase>7</damageAmountBase>
			<speed>70</speed>
		</projectile>
	</ThingDef>

	<ThingDef ParentName="BaseHumanGun">
		<defName>Gun_TurretImprovised</defName>
		<label>turret gun</label>
		<graphicPath>Things/Item/Equipment/WeaponRanged/ChargeRifle</graphicPath>
		<graphicClass>Graphic_Single</graphicClass>
		<menuHidden>true</menuHidden>
		<description>Jury-rigged gun attached to a turret.</description>
		<soundInteract>InteractRifle</soundInteract>
		<canBeSpawningInventory>false</canBeSpawningInventory>
		<tradeability>Never</tradeability>
		<statBases>
			<AccuracyTouch>0.80</AccuracyTouch>
			<AccuracyShort>0.64</AccuracyShort>
			<AccuracyMedium>0.41</AccuracyMedium>
			<AccuracyLong>0.22</AccuracyLong>
			<RangedWeapon_Cooldown>0.66</RangedWeapon_Cooldown>
		</statBases>
		<weaponTags>
			<li>TurretGun</li>
		</weaponTags>
		<verbs>
			<li>
				<verbClass>Verb_Shoot</verbClass>
				<hasStandardCommand>true</hasStandardCommand>
				<projectileDef>Bullet_TurretImprovised</projectileDef>
				<warmupTicks>90</warmupTicks>
				<range>34.9</range>
				<ticksBetweenBurstShots>8</ticksBetweenBurstShots>
				<burstShotCount>3</burstShotCount>
				<soundCast>GunShotA</soundCast>
				<soundCastTail>GunTail_Light</soundCastTail>
				<muzzleFlashScale>9</muzzleFlashScale>
			</li>
		</verbs>
	</ThingDef>
	
	
	<ThingDef ParentName="BaseBullet">
		<defName>Bullet_Minigun</defName>
		<label>minigun bullet</label>
		<graphicPath>Things/Projectile/Bullet_Small</graphicPath>
		<graphicClass>Graphic_Single</graphicClass>
		<projectile>
			<damageDef>Bullet</damageDef>
			<damageAmountBase>8</damageAmountBase>
			<speed>70</speed>
		</projectile>
	</ThingDef>
	
	<ThingDef ParentName="BaseHumanGun">
		<defName>Gun_TurretGatling</defName>
		<label>gatling turret gun</label>
		<graphicPath>Things/Building/SCSecurity/SentryGunGatling_Top</graphicPath>
		<graphicClass>Graphic_Single</graphicClass>
		<menuHidden>true</menuHidden>
		<description>gatling gun attached to a turret.</description>
		<soundInteract>InteractRifle</soundInteract>
		<canBeSpawningInventory>false</canBeSpawningInventory>
		<tradeability>Never</tradeability>
		<statBases>
			<AccuracyTouch>0.50</AccuracyTouch>
			<AccuracyShort>0.42</AccuracyShort>
			<AccuracyMedium>0.18</AccuracyMedium>
			<AccuracyLong>0.06</AccuracyLong>
			<RangedWeapon_Cooldown>0.66</RangedWeapon_Cooldown>
		</statBases>
		<weaponTags>
			<li>TurretGun</li>
		</weaponTags>
		<verbs>
			<li>
				<verbClass>Verb_Shoot</verbClass>
				<hasStandardCommand>true</hasStandardCommand>
				<projectileDef>Bullet_Minigun</projectileDef>
				<warmupTicks>240</warmupTicks>
				<range>32</range>
				<ticksBetweenBurstShots>4</ticksBetweenBurstShots>
				<burstShotCount>15</burstShotCount>
				<soundCast>ShotMinigun</soundCast>
				<soundCastTail>GunTail_Medium</soundCastTail>
				<muzzleFlashScale>9</muzzleFlashScale>
			</li>
		</verbs>
	</ThingDef>
	
	
	<ThingDef ParentName="BaseBullet">
		<defName>Bullet_PumpShotgun</defName>
		<label>shotgun blast</label>
		<graphicPath>Things/Projectile/Bullet_Shotgun</graphicPath>
		<graphicClass>Graphic_Single</graphicClass>
		<projectile>
			<damageDef>Bullet</damageDef>
			<damageAmountBase>20</damageAmountBase>
			<speed>55</speed>
		</projectile>
	</ThingDef>
	
	<ThingDef ParentName="BaseHumanGun">
		<defName>Gun_TurretShotgun</defName>
		<label>shotgun turret gun</label>
		<graphicPath>Things/Building/SCSecurity/SentryGunShotgun_Top</graphicPath>
		<graphicClass>Graphic_Single</graphicClass>
		<menuHidden>true</menuHidden>
		<description>shotgun attached to a turret.</description>
		<soundInteract>InteractShotgun</soundInteract>
		<canBeSpawningInventory>false</canBeSpawningInventory>
		<tradeability>Never</tradeability>
		<statBases>
			<AccuracyTouch>0.96</AccuracyTouch>
			<AccuracyShort>0.87</AccuracyShort>
			<AccuracyMedium>0.77</AccuracyMedium>
			<AccuracyLong>0.64</AccuracyLong>
			<RangedWeapon_Cooldown>0.66</RangedWeapon_Cooldown>
		</statBases>
		<weaponTags>
			<li>TurretGun</li>
		</weaponTags>
		<verbs>
			<li>
				<verbClass>Verb_Shoot</verbClass>
				<hasStandardCommand>true</hasStandardCommand>
				<projectileDef>Bullet_PumpShotgun</projectileDef>
				<warmupTicks>90</warmupTicks>
				<range>16</range>
				<soundCast>ShotShotgun</soundCast>
				<soundCastTail>GunTail_Heavy</soundCastTail>
				<muzzleFlashScale>9</muzzleFlashScale>
			</li>
		</verbs>
	</ThingDef>
	
	
	<ThingDef ParentName="BaseBullet">
		<defName>Bullet_SniperRifle</defName>
		<label>sniper rifle bullet</label>
		<graphicPath>Things/Projectile/Bullet_Big</graphicPath>
		<graphicClass>Graphic_Single</graphicClass>
		<projectile>
			<damageDef>Bullet</damageDef>
			<damageAmountBase>40</damageAmountBase>
			<speed>100</speed>
		</projectile>
	</ThingDef>
  
	<ThingDef ParentName="BaseHumanGun">
		<defName>Gun_TurretSniper</defName>
		<label>sniper turret gun</label>
		<graphicPath>Things/Building/SCSecurity/SentryGunSniper_Top</graphicPath>
		<graphicClass>Graphic_Single</graphicClass>
		<menuHidden>true</menuHidden>
		<description>sniper gun attached to a turret.</description>
		<soundInteract>InteractRifle</soundInteract>
		<canBeSpawningInventory>false</canBeSpawningInventory>
		<tradeability>Never</tradeability>
		<statBases>
			<AccuracyTouch>0.50</AccuracyTouch>
			<AccuracyShort>0.86</AccuracyShort>
			<AccuracyMedium>0.86</AccuracyMedium>
			<AccuracyLong>0.88</AccuracyLong>
			<RangedWeapon_Cooldown>2.33</RangedWeapon_Cooldown>
		</statBases>
		<weaponTags>
			<li>TurretGun</li>
		</weaponTags>
		<verbs>
			<li>
				<verbClass>Verb_Shoot</verbClass>
				<hasStandardCommand>true</hasStandardCommand>
				<projectileDef>Bullet_SniperRifle</projectileDef>
				<warmupTicks>240</warmupTicks>
				<range>45</range>
				<soundCast>ShotSniperRifle</soundCast>
				<soundCastTail>GunTail_Heavy</soundCastTail>
				<muzzleFlashScale>9</muzzleFlashScale>
			</li>
		</verbs>
	</ThingDef>


</ThingDefs>