﻿<?xml version="1.0" encoding="utf-8" ?>
<WorkGivers>

	<!-- ==================================== Crafting ====================================== -->
	
	<!-- ============= Cooking ============= -->
	
	<WorkGiverDef>
		<defName>DoBillsTableGrill</defName>
		<giverClass>WorkGiver_DoBill</giverClass>
		<workType>Cooking</workType>
		<priorityInType>85</priorityInType>
		<singleBillGiverDef>TableGrill</singleBillGiverDef>
		<verb>cook</verb>
		<gerund>cooking</gerund>
		<requiredCapacities>
			<li>Manipulation</li>
		</requiredCapacities>
	</WorkGiverDef>

	<!-- ============= Crafting - weapons ============= -->

	<WorkGiverDef>
		<defName>FinishUnfinishedWeapons</defName>
		<giverClass>WorkGiver_FinishUnfinishedThings</giverClass>
		<workType>Smithing</workType>
		<priorityInType>116</priorityInType>
		<singleBillGiverDef>TableSmithing</singleBillGiverDef>
		<verb>smith</verb>
		<gerund>smithing at</gerund>
		<requiredCapacities>
			<li>Manipulation</li>
		</requiredCapacities>
	</WorkGiverDef>

	<WorkGiverDef>
		<defName>DoBillsMakeWeapons</defName>
		<giverClass>WorkGiver_DoBill</giverClass>
		<workType>Smithing</workType>
		<priorityInType>115</priorityInType>
		<singleBillGiverDef>TableSmithing</singleBillGiverDef>
		<verb>smith</verb>
		<gerund>smithing at</gerund>
		<requiredCapacities>
			<li>Manipulation</li>
		</requiredCapacities>
	</WorkGiverDef>

	<!-- ============= Crafting - apparel ============= -->

	<WorkGiverDef>
		<defName>FinishUnfinishedApparel</defName>
		<giverClass>WorkGiver_FinishUnfinishedThings</giverClass>
		<workType>Tailoring</workType>
		<priorityInType>111</priorityInType>
		<singleBillGiverDef>TableTailor</singleBillGiverDef>
		<verb>tailor</verb>
		<gerund>tailoring at</gerund>
		<requiredCapacities>
			<li>Manipulation</li>
		</requiredCapacities>
	</WorkGiverDef>

	<WorkGiverDef>
		<defName>DoBillsMakeApparel</defName>
		<giverClass>WorkGiver_DoBill</giverClass>
		<workType>Tailoring</workType>
		<priorityInType>110</priorityInType>
		<singleBillGiverDef>TableTailor</singleBillGiverDef>
		<verb>tailor</verb>
		<gerund>tailoring at</gerund>
		<requiredCapacities>
			<li>Manipulation</li>
		</requiredCapacities>
	</WorkGiverDef>

  <!-- ============= Crafting - misc ============= -->
  
	<WorkGiverDef>
		<defName>DoBillsMakeWoodPlanks_Hand</defName>
		<giverClass>WorkGiver_DoBill</giverClass>
		<workType>Crafting</workType>
		<priorityInType>90</priorityInType>
		<singleBillGiverDef>TableSawmillHand</singleBillGiverDef>
		<verb>saw logs</verb>
		<gerund>sawing logs</gerund>
		<requiredCapacities>
			<li>Manipulation</li>
		</requiredCapacities>
	</WorkGiverDef>
	
	<WorkGiverDef>
		<defName>DoBillsStonecut</defName>
		<giverClass>WorkGiver_DoBill</giverClass>
		<workType>Crafting</workType>
		<priorityInType>85</priorityInType>
		<singleBillGiverDef>TableStonecutter</singleBillGiverDef>
		<verb>stonecut</verb>
		<gerund>stonecutting at</gerund>
		<requiredCapacities>
			<li>Manipulation</li>
		</requiredCapacities>
	</WorkGiverDef>
	
	<WorkGiverDef>
		<defName>DoBillsSmeltMetal_Hand</defName>
		<giverClass>WorkGiver_DoBill</giverClass>
		<workType>Crafting</workType>
		<priorityInType>80</priorityInType>
		<singleBillGiverDef>TableFurnace</singleBillGiverDef>
		<verb>smelt metal</verb>
		<gerund>smelting metal</gerund>
		<requiredCapacities>
			<li>Manipulation</li>
		</requiredCapacities>
	</WorkGiverDef>
	
	<WorkGiverDef>
		<defName>DoBillsSlagRefining</defName>
		<giverClass>WorkGiver_DoBill</giverClass>
		<workType>Crafting</workType>
		<priorityInType>80</priorityInType>
		<singleBillGiverDef>ElectricSmelter</singleBillGiverDef>
		<verb>refine</verb>
		<gerund>refining at</gerund>
		<requiredCapacities>
			<li>Manipulation</li>
		</requiredCapacities>
	</WorkGiverDef>
	
	<WorkGiverDef>
		<defName>DoBillsButcherMechanoid</defName>
		<giverClass>WorkGiver_DoBill</giverClass>
		<workType>Crafting</workType>
		<priorityInType>90</priorityInType>
		<singleBillGiverDef>TableMachining</singleBillGiverDef>
		<verb>craft</verb>
		<gerund>crafting at</gerund>
		<requiredCapacities>
			<li>Manipulation</li>
		</requiredCapacities>
	</WorkGiverDef>
	
	<WorkGiverDef>
		<defName>DoBillsTableGlassworks</defName>
		<giverClass>WorkGiver_DoBill</giverClass>
		<workType>Crafting</workType>
		<priorityInType>75</priorityInType>
		<singleBillGiverDef>TableGlassworks</singleBillGiverDef>
		<verb>make glass</verb>
		<gerund>making glass</gerund>
		<requiredCapacities>
			<li>Manipulation</li>
		</requiredCapacities>
	</WorkGiverDef>
	
	<WorkGiverDef>
		<defName>DoBillsTableLoom</defName>
		<giverClass>WorkGiver_DoBill</giverClass>
		<workType>Crafting</workType>
		<priorityInType>65</priorityInType>
		<singleBillGiverDef>TableLoom</singleBillGiverDef>
		<verb>make cloth</verb>
		<gerund>making cloth</gerund>
		<requiredCapacities>
			<li>Manipulation</li>
		</requiredCapacities>
	</WorkGiverDef>
	
	<WorkGiverDef>
		<defName>DoBillsTableComposter</defName>
		<giverClass>WorkGiver_DoBill</giverClass>
		<workType>Crafting</workType>
		<priorityInType>60</priorityInType>
		<singleBillGiverDef>TableComposter</singleBillGiverDef>
		<verb>make mulch</verb>
		<gerund>making mulch</gerund>
		<requiredCapacities>
			<li>Manipulation</li>
		</requiredCapacities>
	</WorkGiverDef>
	
	<WorkGiverDef>
		<defName>DoBillsTableChemlab</defName>
		<giverClass>WorkGiver_DoBill</giverClass>
		<workType>Crafting</workType>
		<priorityInType>55</priorityInType>
		<singleBillGiverDef>TableChemlab</singleBillGiverDef>
		<verb>craft</verb>
		<gerund>crafting</gerund>
		<requiredCapacities>
			<li>Manipulation</li>
		</requiredCapacities>
	</WorkGiverDef>
	
	<WorkGiverDef>
		<defName>DoBillsTableBionics</defName>
		<giverClass>WorkGiver_DoBill</giverClass>
		<workType>Crafting</workType>
		<priorityInType>50</priorityInType>
		<singleBillGiverDef>TableBionics</singleBillGiverDef>
		<verb>craft</verb>
		<gerund>crafting</gerund>
		<requiredCapacities>
			<li>Manipulation</li>
		</requiredCapacities>
	</WorkGiverDef>
	
	<WorkGiverDef>
		<defName>DoBillsTableOrganvat</defName>
		<giverClass>WorkGiver_DoBill</giverClass>
		<workType>Crafting</workType>
		<priorityInType>45</priorityInType>
		<singleBillGiverDef>TableOrganvat</singleBillGiverDef>
		<verb>extract</verb>
		<gerund>extracting</gerund>
		<requiredCapacities>
			<li>Manipulation</li>
		</requiredCapacities>
	</WorkGiverDef>

</WorkGivers>