﻿<?xml version="1.0" encoding="utf-8" ?>
<ThoughtDefs>

  <ThoughtDef>
    <defName>GuestConvinced</defName>
    <duration>100000</duration>
    <stackedEffectMultiplier>1.0</stackedEffectMultiplier>
    <stackLimit>100</stackLimit>
    <stages>
      <li>
        <label>convinced by colonist</label>
        <description>That colonist and I had a talk about the colony. It sounds like a good place...</description>
        <baseMoodEffect>2.5</baseMoodEffect>
      </li>
    </stages>
  </ThoughtDef>

  <ThoughtDef>
    <defName>GuestOffended</defName>
    <duration>100000</duration>
    <stackedEffectMultiplier>1.0</stackedEffectMultiplier>
    <stackLimit>100</stackLimit>
    <stages>
      <li>
        <label>offended by colonist</label>
        <description>That colonist tried to recruit me. But I don't want to leave my faction!</description>
        <baseMoodEffect>-2.5</baseMoodEffect>
      </li>
    </stages>
  </ThoughtDef>

  <ThoughtDef>
    <defName>GuestAngered</defName>
    <duration>25000</duration>
    <stackedEffectMultiplier>0.98</stackedEffectMultiplier>
    <stackLimit>1</stackLimit>
    <stages>
      <li>
        <label>angered by recruitment</label>
        <description>These guys are trying to steal our members!</description>
        <baseMoodEffect>-10</baseMoodEffect>
      </li>
    </stages>
  </ThoughtDef>
  
    <ThoughtDef>
    <defName>GuestOffendedRelationship</defName>
    <duration>100000</duration>
    <stackedEffectMultiplier>0.98</stackedEffectMultiplier>
    <stackLimit>40</stackLimit>
    <stages>
      <li>
        <label>insulted by colonist</label>
        <description>These guys are losers!</description>
        <baseMoodEffect>-3</baseMoodEffect>
      </li>
    </stages>
  </ThoughtDef>

    <ThoughtDef>
    <defName>GuestPleasedRelationship</defName>
    <duration>100000</duration>
    <stackedEffectMultiplier>0.98</stackedEffectMultiplier>
    <stackLimit>40</stackLimit>
    <stages>
      <li>
        <label>charmed by colonist</label>
        <description>Such nice people!</description>
        <baseMoodEffect>3</baseMoodEffect>
      </li>
    </stages>
  </ThoughtDef>

</ThoughtDefs>