﻿<?xml version="1.0" encoding="utf-8" ?>
<TerrainDefs>


	<TerrainDef Name="FloorBase" Abstract="True">
		<affordances>
			<li>Light</li>
			<li>Heavy</li>
			<li>SmoothHard</li>
		</affordances>
		<statBases>
			<WorkToMake>135</WorkToMake>
		</statBases>
		<designationCategory>Floors</designationCategory>
		<Fertility>0</Fertility>
		<constructEffect>ConstructDirt</constructEffect>
		<AcceptTerrainSourceFilth>True</AcceptTerrainSourceFilth>
		<terrainAffordanceNeeded>Light</terrainAffordanceNeeded>
	</TerrainDef>

  
	<!-- ================= Wood floor ================= -->
  
	<TerrainDef  ParentName="FloorBase">
		<DefName>WoodPlankFloor</DefName>
		<label>wood floor</label>
		<RenderPrecedence>250</RenderPrecedence>
		<Description>Unfinished oak. At least you're not walking on dirt.
Beauty:  0</Description>
		<graphicPath>Terrain/Surfaces/WoodFloor2</graphicPath>
		<statBases>
			<Beauty>0</Beauty>
			<WorkToMake>85</WorkToMake>
		</statBases>
		<CostList>
			<WoodPlank>1</WoodPlank>
		</CostList>
			<constructEffect>ConstructWood</constructEffect>
		</TerrainDef>

	<TerrainDef  ParentName="FloorBase">
		<DefName>WoodPlankFloor2</DefName>
		<label>wood floor</label>
		<RenderPrecedence>250</RenderPrecedence>
		<Description>Wood plank flooring. For that warm, homey feeling.
Beauty:  3</Description>
		<graphicPath>Terrain/Surfaces/WoodFloor</graphicPath>
		<statBases>
			<Beauty>3</Beauty>
			<WorkToMake>85</WorkToMake>
		</statBases>
		<CostList>
			<WoodPlank>2</WoodPlank>
		</CostList>
		<constructEffect>ConstructWood</constructEffect>
		<ResearchPrerequisite>CraftingI</ResearchPrerequisite>
	</TerrainDef>
  
	<TerrainDef  ParentName="FloorBase">
		<DefName>WoodPlankFloor3</DefName>
		<label>wood floor</label>
		<RenderPrecedence>250</RenderPrecedence>
		<Description>Carved oak flooring for the stylish colonist.
Beauty:  6</Description>
		<graphicPath>Terrain/Surfaces/WoodFloor3</graphicPath>
		<statBases>
			<Beauty>6</Beauty>
			<WorkToMake>85</WorkToMake>
		</statBases>
		<CostList>
			<WoodPlank>3</WoodPlank>
		</CostList>
		<constructEffect>ConstructWood</constructEffect>
		<ResearchPrerequisite>ElectricSmelting</ResearchPrerequisite>
	</TerrainDef>

  <!-- ================= Tile ================= -->

	<TerrainDef ParentName="FloorBase">
		<defName>Concrete</defName>
		<label>concrete</label>
		<Description>Quick-poured concrete. Fast to walk on, but quite ugly. You'll need to be able to dig out the ground to pour this.
Beauty:  0</Description>
		<graphicPath>Terrain/Surfaces/Concrete</graphicPath>
		<EdgeType>Hard</EdgeType>
		<RenderPrecedence>150</RenderPrecedence>
		<PathCost>0</PathCost>
		<statBases>
			<WorkToMake>16</WorkToMake>
			<Beauty>0</Beauty>
		</statBases>
		<CostList>
			<Sand>1</Sand>
		</CostList>
	</TerrainDef>

	<TerrainDef ParentName="FloorBase">
		<DefName>PavedTile</DefName>
		<label>paved tile</label>
		<RenderPrecedence>230</RenderPrecedence>
		<Description>Utilitarian concrete tiles. Quick to move around on, but not very pretty.
Beauty:  3</Description>
		<graphicPath>Terrain/Surfaces/PavedTile</graphicPath>
		<statBases>
			<WorkToMake>85</WorkToMake>
			<Beauty>3</Beauty>
		</statBases>
		<CostList>
			<Sand>2</Sand>
		</CostList>
		<ResearchPrerequisite>CraftingI</ResearchPrerequisite>
	</TerrainDef>
  
	<TerrainDef  ParentName="FloorBase">
		<DefName>MetalTile</DefName>
		<label>metal tile</label>
		<RenderPrecedence>240</RenderPrecedence>
		<Description>Metal tiles, for that spaceship look.
Beauty:  6</Description>
		<graphicPath>Terrain/Surfaces/MetalTile</graphicPath>
		<statBases>
			<Beauty>6</Beauty>
		<WorkToMake>85</WorkToMake>
		</statBases>
		<CostList>
			<SteelBar>3</SteelBar>
		</CostList>
		<constructEffect>ConstructMetal</constructEffect>
		<ResearchPrerequisite>ElectricSmelting</ResearchPrerequisite>
	</TerrainDef>


	<!-- ================= Carpets ================= -->
  
  
	<TerrainDef ParentName="FloorBase">
		<DefName>CarpetWhite</DefName>
		<label>white carpet</label>
		<RenderPrecedence>196</RenderPrecedence>
		<Description>Soft, white carpet with a fresh and clean look.
Beauty:  6</Description>
		<graphicPath>Terrain/Surfaces/CarpetWhite</graphicPath>
		<ResearchPrerequisite>CarpetMaking</ResearchPrerequisite>
		<CostList>
			<Cloth>3</Cloth>
		</CostList>
		<statBases>
			<Beauty>6</Beauty>
		</statBases>
	</TerrainDef>
  
	<TerrainDef ParentName="FloorBase">
		<DefName>CarpetBeige</DefName>
		<label>beige carpet</label>
		<RenderPrecedence>197</RenderPrecedence>
		<Description>Stunning beige carpet that is soft, and relaxing.
Beauty:  6</Description>
		<graphicPath>Terrain/Surfaces/CarpetBeige</graphicPath>
		<ResearchPrerequisite>CarpetMaking</ResearchPrerequisite>
		<CostList>
			<Cloth>3</Cloth>
		</CostList>
		<statBases>
			<Beauty>6</Beauty>
		</statBases>
	</TerrainDef>

	<TerrainDef ParentName="FloorBase">
		<DefName>CarpetRed</DefName>
		<label>red carpet</label>
		<RenderPrecedence>200</RenderPrecedence>
		<Description>Plush carpet in a lovely rose hue.
Beauty:  6</Description>
		<graphicPath>Terrain/Surfaces/CarpetRed</graphicPath>
		<ResearchPrerequisite>CarpetMaking</ResearchPrerequisite>
		<CostList>
			<Cloth>3</Cloth>
		</CostList>
		<statBases>
			<Beauty>6</Beauty>
		</statBases>
	</TerrainDef>

	<TerrainDef ParentName="FloorBase">
		<DefName>CarpetGreen</DefName>
		<label>green carpet</label>
		<RenderPrecedence>199</RenderPrecedence>
		<Description>Naturalistic-feeling green carpet.
Beauty:  6</Description>
		<graphicPath>Terrain/Surfaces/CarpetGreen</graphicPath>
		<ResearchPrerequisite>CarpetMaking</ResearchPrerequisite>
		<CostList>
			<Cloth>3</Cloth>
		</CostList>
		<statBases>
			<Beauty>6</Beauty>
		</statBases>
	</TerrainDef>

	<TerrainDef ParentName="FloorBase">
		<DefName>CarpetBlue</DefName>
		<label>blue carpet</label>
		<RenderPrecedence>198</RenderPrecedence>
		<Description>Toe-hugging plush carpet in a cool blue color.
Beauty:  6</Description>
		<graphicPath>Terrain/Surfaces/CarpetBlue</graphicPath>
		<ResearchPrerequisite>CarpetMaking</ResearchPrerequisite>
		<CostList>
			<Cloth>3</Cloth>
		</CostList>
		<statBases>
			<Beauty>6</Beauty>
		</statBases>
	</TerrainDef>


</TerrainDefs>