﻿<?xml version="1.0" encoding="utf-8" ?>
<TerrainDefs>


	<TerrainDef>
		<defName>SoilRich</defName>
		<label>rich soil</label>
		<graphicPath>Terrain/Surfaces/SoilRich</graphicPath>
		<EdgeType>FadeRough</EdgeType>
		<RenderPrecedence>335</RenderPrecedence>
		<PathCost>2</PathCost>
		<statBases>
			<WorkToMake>150</WorkToMake>
			<Beauty>0</Beauty>
		</statBases>
		<affordances>
			<li>Light</li>
			<li>Heavy</li>
			<li>GrowSoil</li>
			<li>Diggable</li>
		</affordances>
		<TerrainFilthDef>FilthDirt</TerrainFilthDef>
		<Fertility>2.0</Fertility>
		<TakeFootprints>True</TakeFootprints>
		<terrainAffordanceNeeded>GrowSoil</terrainAffordanceNeeded>
		<constructEffect>ConstructDirt</constructEffect>
		<designationCategory>Misc</designationCategory>
		<CostList>
				<Mulch>15</Mulch>
		</CostList>
		<researchPrerequisite>AgricultureII</researchPrerequisite>
	</TerrainDef>
  
  
</TerrainDefs>