﻿<?xml version="1.0" encoding="utf-8" ?>

<!--
	<activities>
		<li>Manipulation_way1</li>
	</activities>
	
	means that this body part is responsible for Manipulation activity in group "way1".
	Efficiency of Pawn activity X is minimum of all X activity groups efficiency values.
	X activity group efficiency is average value of all body parts efficiency values responsible for this activity in this group.
	
	So if there are body parts responsible for (1)Manipulation_foo, (2)Manipulation_foo, (1)Manipulation_bar, (2)Manipulation_bar
	then Manipulation efficiency is min(avg((1)Manipulation_foo, (2)Manipulation_foo), avg((1)Manipulation_bar, (2)Manipulation_bar))
-->

<BodyPartDefs>

	<BodyPartDef>
		<defName>Stomach</defName>
		<label>stomach</label>
		<hitPoints>30</hitPoints>
		<oldInjuryBaseChance>0.08</oldInjuryBaseChance>
		<bleedingRateMultiplier>1.4</bleedingRateMultiplier>
		<skinCovered>false</skinCovered>
		<activities>
			<li>Eating_digestion</li>
		</activities>
		<spawnThingOnRemoved>Stomach</spawnThingOnRemoved>
		<dontSuggestAmputation>true</dontSuggestAmputation>
	</BodyPartDef>

</BodyPartDefs>