﻿<?xml version="1.0" encoding="utf-8" ?>
<WorkGivers>

  <WorkGiverDef>
    <defName>Recruiter</defName>
    <giverClass>Hospitality.WorkGiver_Recruiter</giverClass>
    <workType>Warden</workType>
    <verb>recruit</verb>
    <gerund>recruiting</gerund>
    <requiredCapacities>
      <li>Talking</li>
    </requiredCapacities>
  </WorkGiverDef>

  <WorkGiverDef>
    <defName>Diplomat</defName>
    <giverClass>Hospitality.WorkGiver_Diplomat</giverClass>
    <workType>Warden</workType>
    <verb>engage</verb>
    <gerund>engaging</gerund>
    <requiredCapacities>
      <li>Talking</li>
    </requiredCapacities>
  </WorkGiverDef>

</WorkGivers>