<?xml version="1.0" encoding="UTF-8"?>
<Buildings>
		<ThingDef Name="VentBase" Abstract="True">
				<altitudeLayer>BuildingTall</altitudeLayer>
				<building>
						<canPlaceOverWall>true</canPlaceOverWall>
				</building>
				<category>Building</category>
				<drawPlaceWorkersWhileSelected>true</drawPlaceWorkersWhileSelected>
				<holdsRoof>true</holdsRoof>
				<selectable>true</selectable>
				<drawerType>MapMeshAndRealTime</drawerType>
				<fillPercent>1</fillPercent>
				<repairEffect>Repair</repairEffect>
				<leaveResourcesWhenKilled>false</leaveResourcesWhenKilled>
				<size>(1,1)</size>
				<soundImpactDefault>BulletImpactMetal</soundImpactDefault>
				<statBases>
	      		<Beauty>0.1</Beauty>
						<MaxHitPoints>175</MaxHitPoints>
						<Flammability>1.0</Flammability>
				</statBases>
				<stuffCategories>
						<li>Metallic</li>
						<li>Woody</li>
						<li>Stony</li>
				</stuffCategories>
				<costStuffCount>40</costStuffCount>
				<terrainAffordanceNeeded>Heavy</terrainAffordanceNeeded>
				<tickerType>Rare</tickerType>
				<passability>Impassable</passability>
				<designationCategory>Temperature</designationCategory>
		</ThingDef>

		<ThingDef ParentName="VentBase">
				<defName>Vent</defName>
				<label>vent</label>
				<thingClass>RedistHeat.BuildingVent</thingClass>
				<graphicData>
					<texPath>Things/Building/Vent</texPath>
					<graphicClass>Graphic_Multi</graphicClass>
				</graphicData>
				<castEdgeShadows>true</castEdgeShadows>
				<statBases>
						<WorkToMake>200</WorkToMake>
				</statBases>
				<description>A simple vent for equalizing the temperature between two rooms without allowing people to walk between them.</description>
				<placeWorkers>
						<li>PlaceWorker_Vent</li>
				</placeWorkers>
		</ThingDef>
		<ThingDef ParentName="VentBase">
				<defName>ActiveVent</defName>
				<label>active vent</label>
				<thingClass>RedistHeat.BuildingActiveVent</thingClass>
				<graphicData>
					<texPath>Things/Building/Vent</texPath>
					<graphicClass>Graphic_Multi</graphicClass>
				</graphicData>
				<castEdgeShadows>true</castEdgeShadows>
				<statBases>
						<WorkToMake>400</WorkToMake>
				</statBases>
				<description>A simple vent for equalizing the temperature between two rooms without allowing people to walk between them. Orange colored side must be facing towards a room that that you want to control.</description>
				<costList>
						<Steel>10</Steel>
				</costList>
				<placeWorkers>
						<li>RedistHeat.PlaceWorkerActiveVent</li>
				</placeWorkers>
				<comps>
						<li>
								<compClass>CompPowerTrader</compClass>
								<basePowerConsumption>5</basePowerConsumption>
								<shortCircuitInRain>false</shortCircuitInRain>
								<soundPowerOn>PowerOnSmall</soundPowerOn>
								<soundPowerOff>PowerOffSmall</soundPowerOff>
						</li>
						<li>
								<compClass>CompTempControl</compClass>
						</li>
				</comps>
				<ResearchPrerequisite>RedistHeat_AirCirculation</ResearchPrerequisite>
		</ThingDef>
		<!--  <ThingDef ParentName="BuildingBase" Name="DoorBase" Abstract="True">
		<thingClass>RedistHeat.BuildingVentDoor</thingClass>
		<blueprintClass>Blueprint_Door</blueprintClass>
		<category>Building</category>
				<graphicData>
					<graphicClass>Graphic_Single</graphicClass>
				</graphicData>
		<blueprintGraphicData>
			<texPath>Things/Building/Door/Door_Blueprint</texPath>
		</blueprintGraphicData>
		<altitudeLayer>DoorMoveable</altitudeLayer>
		<fillPercent>1</fillPercent>
		<stuffCategories>
				<li>Metallic</li>
				<li>Woody</li>
				<li>Stony</li>
		</stuffCategories>
		<statBases>
				<MaxHitPoints>100</MaxHitPoints>
				<Flammability>1.0</Flammability>
		</statBases>
		<leaveResourcesWhenKilled>false</leaveResourcesWhenKilled>
		<selectable>true</selectable>
		<tickerType>Normal</tickerType>
		<size>(1,1)</size>
		<rotatable>false</rotatable>
		<soundImpactDefault>BulletImpactMetal</soundImpactDefault>
		<terrainAffordanceNeeded>Light</terrainAffordanceNeeded>
		<designationCategory>Structure</designationCategory>
		<holdsRoof>true</holdsRoof>
		<staticSunShadowHeight>1.0</staticSunShadowHeight>
		<blockLight>true</blockLight>
		<regionBarrier>true</regionBarrier>
		<drawerType>RealtimeOnly</drawerType>
		<building>
				<soundDoorOpenPowered>DoorOpenPowered</soundDoorOpenPowered>
				<soundDoorClosePowered>DoorClosePowered</soundDoorClosePowered>
				<soundDoorOpenManual>DoorOpenManual</soundDoorOpenManual>
				<soundDoorCloseManual>DoorCloseManual</soundDoorCloseManual>
				<ignoreNeedsPower>true</ignoreNeedsPower>
				<canPlaceOverWall>true</canPlaceOverWall>
		</building>
</ThingDef>
<ThingDef ParentName="DoorBase">
		<defName>RedistHeat_DoorVent</defName>
		<label>ventilation door</label>
		<description>Divides rooms. Must be manually opened and closed, which slows people down.</description>
		<statBases>
				<WorkToMake>1000</WorkToMake>
		</statBases>
		<graphicData>
			<texPath>Things/Building/Door/DoorVent_Mover</texPath>
		</graphicData>
		<uiIconPath>Things/Building/Door/DoorVent_Icon</uiIconPath>
		<costStuffCount>25</costStuffCount>
</ThingDef>
<ThingDef ParentName="DoorBase">
		<defName>RedistHeat_AutodoorVent</defName>
		<label>ventilation autodoor</label>
		<description>Divides rooms. Powered operation allows people to move through the door without slowing down.</description>
		<statBases>
				<WorkToMake>1250</WorkToMake>
		</statBases>
		<graphicData>
			<texPath>Things/Building/Door/AutodoorVent_Mover</texPath>
		</graphicData>
		<uiIconPath>Things/Building/Door/AutodoorVent_Icon</uiIconPath>
		<costList>
				<Steel>35</Steel>
		</costList>
		<costStuffCount>40</costStuffCount>
		<comps>
				<li>
						<compClass>CompPowerTrader</compClass>
						<basePowerConsumption>50</basePowerConsumption>
						<transmitsPower>true</transmitsPower>
				</li>
		</comps>
</ThingDef> !-->
</Buildings>
