﻿<?xml version="1.0" encoding="utf-8" ?>
<WorkTypeDefs>

	<WorkTypeDef>
		<defName>Warden</defName>
		<labelShort>Negotiate</labelShort>
		<pawnLabel>Diplomat</pawnLabel>
		<gerundLabel>Negotiating</gerundLabel>
		<description>Diplomats deal with prisoners and visitors.</description>
		<verb>Handle</verb>
		<naturalPriority>1100</naturalPriority>
		<relevantSkills>
			<li>Social</li>
		</relevantSkills>
		<workTags>
			<li>Social</li>
		</workTags>
	</WorkTypeDef>

</WorkTypeDefs>