﻿<?xml version="1.0" encoding="utf-8" ?>
<RecipeDefs>


	<RecipeDef>
		<defName>CookMealSalad</defName>
		<label>cook simple salad</label>
		<description>Prepares a simple salad made from raw vegetables.</description>
		<jobString>Cooking simple salad.</jobString>
		<workSpeedStat>CookSpeed</workSpeedStat>
		<effectWorking>Cook</effectWorking>
		<soundWorking>Recipe_CookMeal</soundWorking>
		<allowMixingIngredients>true</allowMixingIngredients>
		<ingredients>
			<li>
				<filter>
					<categories>
						<li>PlantFoodRaw</li>
					</categories>
				</filter>
				<count>6</count>
			</li>
		</ingredients>
		<products>
			<MealSalad>1</MealSalad>
		</products>
		<fixedIngredientFilter>
			<categories>
				<li>PlantFoodRaw</li>
			</categories>
		</fixedIngredientFilter>
		<defaultIngredientFilter>
			<categories>
				<li>PlantFoodRaw</li>
			</categories>
		</defaultIngredientFilter>
		<workSkill>Cooking</workSkill>
	</RecipeDef>
	
	<RecipeDef>
		<defName>CookMealJerky</defName>
		<label>cook jerky</label>
		<description>Prepares smoked jerky from raw meat.</description>
		<jobString>Cooking jerky.</jobString>
		<workSpeedStat>CookSpeed</workSpeedStat>
		<effectWorking>Cook</effectWorking>
		<soundWorking>Recipe_CookMeal</soundWorking>
		<allowMixingIngredients>true</allowMixingIngredients>
		<ingredients>
			<li>
				<filter>
					<categories>
						<li>MeatRaw</li>
					</categories>
				</filter>
				<count>6</count>
			</li>
		</ingredients>
		<products>
			<MealJerky>1</MealJerky>
		</products>
		<fixedIngredientFilter>
			<categories>
				<li>MeatRaw</li>
			</categories>
		</fixedIngredientFilter>
		<defaultIngredientFilter>
			<categories>
				<li>MeatRaw</li>
			</categories>
			<exceptedThingDefs>
				<li>Human_Meat</li>
			</exceptedThingDefs>
		</defaultIngredientFilter>
		<workSkill>Cooking</workSkill>
	</RecipeDef>

	<RecipeDef>
		<defName>CookMealSimple</defName>
		<label>cook simple meal</label>
		<description>Cooks a straightforward meal from one ingredient.</description>
		<jobString>Cooking simple meal.</jobString>
		<workSpeedStat>CookSpeed</workSpeedStat>
		<effectWorking>Cook</effectWorking>
		<soundWorking>Recipe_CookMeal</soundWorking>
		<allowMixingIngredients>true</allowMixingIngredients>
		<ingredients>
			<li>
				<filter>
					<categories>
						<li>FoodRaw</li>
					</categories>
				</filter>
				<count>10</count>
			</li>
		</ingredients>
		<products>
			<MealSimple>1</MealSimple>
		</products>
		<fixedIngredientFilter>
			<categories>
				<li>FoodRaw</li>
			</categories>
		</fixedIngredientFilter>
		<defaultIngredientFilter>
			<categories>
				<li>FoodRaw</li>
			</categories>
			<exceptedThingDefs>
				<li>Human_Meat</li>
			</exceptedThingDefs>
		</defaultIngredientFilter>
		<workSkill>Cooking</workSkill>
	</RecipeDef>

	<RecipeDef>
		<defName>CookMealFine</defName>
		<label>cook fine meal</label>
		<description>Cooks a somewhat complex meal from a combination of raw meat and raw plant ingredients.</description>
		<jobString>Cooking fine meal.</jobString>
		<workSpeedStat>CookSpeed</workSpeedStat>
		<effectWorking>Cook</effectWorking>
		<soundWorking>Recipe_CookMeal</soundWorking>
		<allowMixingIngredients>true</allowMixingIngredients>
		<ingredients>
			<li>
				<filter>
					<categories>
						<li>MeatRaw</li>
					</categories>
				</filter>
				<count>5</count>
			</li>
			<li>
				<filter>
					<categories>
						<li>PlantFoodRaw</li>
					</categories>
				</filter>
				<count>5</count>
			</li>
		</ingredients>
		<products>
		<MealFine>1</MealFine>
		</products>
		<fixedIngredientFilter>
			<categories>
				<li>FoodRaw</li>
			</categories>
		</fixedIngredientFilter>
		<defaultIngredientFilter>
			<categories>
				<li>FoodRaw</li>
			</categories>
			<exceptedThingDefs>
				<li>Human_Meat</li>
			</exceptedThingDefs>
		</defaultIngredientFilter>
		<skillRequirements>
			<li>
				<skill>Cooking</skill>
				<minLevel>6</minLevel>
			</li>
		</skillRequirements>
		<workSkill>Cooking</workSkill>
	</RecipeDef>

	<RecipeDef>
		<defName>CookMealLavish</defName>
		<label>cook lavish meal</label>
		<description>Cooks a very complex meal from a combination of raw meat and raw plant ingredients. Much of the ingredients are wasted.</description>
		<jobString>Cooking lavish meal.</jobString>
		<workSpeedStat>CookSpeed</workSpeedStat>
		<effectWorking>Cook</effectWorking>
		<soundWorking>Recipe_CookMeal</soundWorking>
		<allowMixingIngredients>true</allowMixingIngredients>
		<ingredients>
			<li>
				<filter>
					<categories>
						<li>MeatRaw</li>
					</categories>
				</filter>
				<count>10</count>
			</li>
			<li>
				<filter>
					<categories>
						<li>PlantFoodRaw</li>
					</categories>
				</filter>
				<count>10</count>
			</li>
		</ingredients>
		<products>
		<MealLavish>1</MealLavish>
		</products>
		<fixedIngredientFilter>
			<categories>
				<li>FoodRaw</li>
			</categories>
		</fixedIngredientFilter>
		<defaultIngredientFilter>
			<categories>
				<li>FoodRaw</li>
			</categories>
			<exceptedThingDefs>
				<li>Human_Meat</li>
			</exceptedThingDefs>
		</defaultIngredientFilter>
		<skillRequirements>
			<li>
				<skill>Cooking</skill>
				<minLevel>10</minLevel>
			</li>
		</skillRequirements>
		<workSkill>Cooking</workSkill>
	</RecipeDef>
  
<!--                                       4 Meals                              -->

	<RecipeDef>
		<defName>CookMealSimple_Bulk</defName>
		<label>cook four simple meals</label>
		<description>Cooks a straightforward meal from one ingredient. Makes enough for 4 meals.</description>
		<jobString>Cooking four simple meals.</jobString>
		<workSpeedStat>CookSpeed</workSpeedStat>
		<workAmount>1000</workAmount>
		<effectWorking>Cook</effectWorking>
		<soundWorking>Recipe_CookMeal</soundWorking>
		<allowMixingIngredients>true</allowMixingIngredients>
		<ingredients>
			<li>
				<filter>
					<categories>
						<li>FoodRaw</li>
					</categories>
				</filter>
				<count>40</count>
			</li>
		</ingredients>
		<products>
			<MealSimple>4</MealSimple>
		</products>
		<fixedIngredientFilter>
			<categories>
				<li>FoodRaw</li>
			</categories>
		</fixedIngredientFilter>
		<defaultIngredientFilter>
			<categories>
				<li>FoodRaw</li>
			</categories>
			<exceptedThingDefs>
				<li>Human_Meat</li>
			</exceptedThingDefs>
		</defaultIngredientFilter>
		<skillRequirements>
			<li>
				<skill>Cooking</skill>
				<minLevel>4</minLevel>
			</li>
		</skillRequirements>
		<workSkill>Cooking</workSkill>
	</RecipeDef>

	<RecipeDef>
		<defName>CookMealFine_Bulk</defName>
		<label>cook four fine meals</label>
		<description>Cooks a somewhat complex meal from a combination of raw meat and raw plant ingredients. Makes enough for 4 meals.</description>
		<jobString>Cooking four fine meals.</jobString>
		<workSpeedStat>CookSpeed</workSpeedStat>
		<workAmount>1100</workAmount>
		<effectWorking>Cook</effectWorking>
		<soundWorking>Recipe_CookMeal</soundWorking>
		<allowMixingIngredients>true</allowMixingIngredients>
		<ingredients>
			<li>
				<filter>
					<categories>
						<li>MeatRaw</li>
					</categories>
				</filter>
				<count>20</count>
			</li>
			<li>
				<filter>
					<categories>
						<li>PlantFoodRaw</li>
					</categories>
				</filter>
				<count>20</count>
			</li>
		</ingredients>
		<products>
			<MealFine>4</MealFine>
		</products>
		<fixedIngredientFilter>
			<categories>
				<li>FoodRaw</li>
			</categories>
		</fixedIngredientFilter>
		<defaultIngredientFilter>
			<categories>
				<li>FoodRaw</li>
			</categories>
			<exceptedThingDefs>
				<li>Human_Meat</li>
			</exceptedThingDefs>
		</defaultIngredientFilter>
		<skillRequirements>
			<li>
				<skill>Cooking</skill>
				<minLevel>8</minLevel>
			</li>
		</skillRequirements>
		<workSkill>Cooking</workSkill>
	</RecipeDef>

	<RecipeDef>
		<defName>CookMealLavish_Bulk</defName>
		<label>cook four lavish meals</label>
		<description>Cooks a very complex meal from a combination of raw meat and raw plant ingredients. Much of the ingredients are wasted. Makes enough for 4 meals.</description>
		<jobString>Cooking four lavish meals.</jobString>
		<workSpeedStat>CookSpeed</workSpeedStat>
		<workAmount>1200</workAmount>
		<effectWorking>Cook</effectWorking>
		<soundWorking>Recipe_CookMeal</soundWorking>
		<allowMixingIngredients>true</allowMixingIngredients>
		<ingredients>
			<li>
				<filter>
					<categories>
						<li>MeatRaw</li>
					</categories>
				</filter>
				<count>40</count>
			</li>
			<li>
				<filter>
					<categories>
						<li>PlantFoodRaw</li>
					</categories>
				</filter>
				<count>40</count>
			</li>
		</ingredients>
		<products>
			<MealLavish>4</MealLavish>
		</products>
		<fixedIngredientFilter>
			<categories>
				<li>FoodRaw</li>
			</categories>
		</fixedIngredientFilter>
		<defaultIngredientFilter>
			<categories>
				<li>FoodRaw</li>
			</categories>
			<exceptedThingDefs>
				<li>Human_Meat</li>
			</exceptedThingDefs>
		</defaultIngredientFilter>
		<skillRequirements>
			<li>
				<skill>Cooking</skill>
				<minLevel>12</minLevel>
			</li>
		</skillRequirements>
		<workSkill>Cooking</workSkill>
	</RecipeDef>


</RecipeDefs>
