﻿<?xml version="1.0" encoding="utf-8" ?>
<RecipeDefs>

	<!--========================= Recipes (Handcrafted) =============================-->

	<RecipeDef>
		<workerCounterClass>RecipeWorkerCounter_MakeStoneBlocks</workerCounterClass>
		<defName>MakeStoneBlocks</defName>
		<label>make stone blocks</label>
		<description>Cuts rock chunks into usable stone blocks.</description>
		<jobString>Stonecutting.</jobString>
		<workAmount>1200</workAmount>
		<workSpeedStat>StonecuttingSpeed</workSpeedStat>
		<effectWorking>CutStone</effectWorking>
		<soundWorking>Recipe_MakeStoneBlocks</soundWorking>
		<targetCountAdjustment>50</targetCountAdjustment>
		<ingredients>
			<li>
				<filter>
					<categories>
						<li>StoneChunks</li>
					</categories>
				</filter>
				<count>1</count>
			</li>
		</ingredients>
		<specialProducts>
			<li>Butchery</li>
		</specialProducts>
		<fixedIngredientFilter>
			<categories>
				<li>StoneChunks</li>
			</categories>
		</fixedIngredientFilter>
		<workSkill>Crafting</workSkill>
	</RecipeDef>
  
	<RecipeDef>
		<defName>MakeSand_Hand</defName>
		<label>make sand</label>
		<description>Grinds 1 stone chunk into 15 sand by hand. Quite slow.</description>
		<jobString>Making sand.</jobString>
		<workAmount>1200</workAmount>
		<workSpeedStat>StonecuttingSpeed</workSpeedStat>
		<effectWorking>Smelt</effectWorking>
		<soundWorking>Recipe_Smelt</soundWorking>
		<ingredients>
			<li>
				<filter>
					<categories>
						<li>StoneChunks</li>
					</categories>
				</filter>
				<count>1</count>
			</li>
		</ingredients>
		<fixedIngredientFilter>
				<categories>
					<li>StoneChunks</li>
				</categories>
		</fixedIngredientFilter>
		<products>
			<Sand>15</Sand>
		</products>
		<workSkill>Crafting</workSkill>
	</RecipeDef>
	
	<RecipeDef>
		<defName>MakeWoodPlanks_Hand</defName>
		<label>make wood planks</label>
		<description>Cuts 10 logs into 15 wood planks by hand. Quite slow.</description>
		<jobString>Making wood planks.</jobString>
		<workAmount>1200</workAmount>
		<workSpeedStat>StonecuttingSpeed</workSpeedStat>
		<effectWorking>MakeWoodPlanks_Hand</effectWorking>
		<soundWorking>Recipe_MakeWoodPlanks_Hand</soundWorking>
		<ingredients>
			<li>
				<filter>
					<thingDefs>
						<li>WoodLog</li>
					</thingDefs>
				</filter>
				<count>10</count>
			</li>
		</ingredients>
		<fixedIngredientFilter>
			<thingDefs>
				<li>WoodLog</li>
			</thingDefs>
		</fixedIngredientFilter>
		<products>
			<WoodPlank>15</WoodPlank>
		</products>
		<workSkill>Crafting</workSkill>
	</RecipeDef>
	
	<RecipeDef>
		<defName>MakeKindling_Hand</defName>
		<label>make wood kindling</label>
		<description>Cuts 10 logs into 15 kindling by hand. Quite slow.</description>
		<jobString>Making kindling.</jobString>
		<workAmount>1200</workAmount>
		<workSpeedStat>StonecuttingSpeed</workSpeedStat>
		<effectWorking>MakeWoodPlanks_Hand</effectWorking>
		<soundWorking>Recipe_MakeWoodPlanks_Hand</soundWorking>
		<ingredients>
			<li>
				<filter>
					<thingDefs>
						<li>WoodLog</li>
					</thingDefs>
				</filter>
				<count>10</count>
			</li>
		</ingredients>
		<fixedIngredientFilter>
			<thingDefs>
				<li>WoodLog</li>
			</thingDefs>
		</fixedIngredientFilter>
		<products>
			<Kindling>15</Kindling>
		</products>
		<workSkill>Crafting</workSkill>
	</RecipeDef>
	
	<RecipeDef>
		<defName>MakeSteelBars_Hand</defName>
		<label>make steel bars</label>
		<description>Smelt 10 steel ore into 15 steel bars by hand. Quite slow.</description>
		<jobString>Making steel bars.</jobString>
		<workAmount>1200</workAmount>
		<workSpeedStat>SmeltingSpeed</workSpeedStat>
		<effectWorking>Smelt</effectWorking>
		<soundWorking>Recipe_Smelt</soundWorking>
		<ingredients>
			<li>
				<filter>
					<thingDefs>
						<li>Steel</li>
					</thingDefs>
				</filter>
				<count>10</count>
			</li>
		</ingredients>
		<fixedIngredientFilter>
			<thingDefs>
				<li>Steel</li>
			</thingDefs>
		</fixedIngredientFilter>
		<products>
			<SteelBar>15</SteelBar>
		</products>
		<workSkill>Crafting</workSkill>
	</RecipeDef>
	
	<!--========================= Recipes (Powered) =============================-->
	
	<RecipeDef>
		<workerCounterClass>RecipeWorkerCounter_MakeStoneBlocks</workerCounterClass>
		<defName>MakeStoneBlocks_Electric</defName>
		<label>make stone blocks</label>
		<description>Cuts rock chunks into usable stone blocks. Quite fast.</description>
		<jobString>Stonecutting.</jobString>
		<workAmount>600</workAmount>
		<workSpeedStat>StonecuttingSpeed</workSpeedStat>
		<effectWorking>CutStone</effectWorking>
		<soundWorking>Recipe_MakeStoneBlocks</soundWorking>
		<targetCountAdjustment>50</targetCountAdjustment>
		<ingredients>
			<li>
				<filter>
					<categories>
						<li>StoneChunks</li>
					</categories>
				</filter>
				<count>1</count>
			</li>
		</ingredients>
		<specialProducts>
			<li>Butchery</li>
		</specialProducts>
		<fixedIngredientFilter>
			<categories>
				<li>StoneChunks</li>
			</categories>
		</fixedIngredientFilter>
		<workSkill>Crafting</workSkill>
	</RecipeDef>
  
	<RecipeDef>
		<defName>MakeSand_Electric</defName>
		<label>make sand</label>
		<description>Grinds 1 stone chunk into 20 sand. Quite fast.</description>
		<jobString>Making sand.</jobString>
		<workAmount>600</workAmount>
		<workSpeedStat>StonecuttingSpeed</workSpeedStat>
		<effectWorking>Smelt</effectWorking>
		<soundWorking>Recipe_Smelt</soundWorking>
		<ingredients>
			<li>
				<filter>
					<categories>
						<li>StoneChunks</li>
					</categories>
				</filter>
				<count>1</count>
			</li>
		</ingredients>
		<fixedIngredientFilter>
				<categories>
					<li>StoneChunks</li>
				</categories>
		</fixedIngredientFilter>
		<products>
			<Sand>20</Sand>
		</products>
		<workSkill>Crafting</workSkill>
	</RecipeDef>
	
	<RecipeDef>
		<defName>MakeWoodPlanks_Electric</defName>
		<label>make wood planks</label>
		<description>Cuts 20 logs into 40 wood planks. Quite fast.</description>
		<jobString>Making wood planks.</jobString>
		<workAmount>600</workAmount>
		<workSpeedStat>StonecuttingSpeed</workSpeedStat>
		<effectWorking>MakeWoodPlanks_Hand</effectWorking>
		<soundWorking>Recipe_MakeWoodPlanks_Hand</soundWorking>
		<ingredients>
			<li>
				<filter>
					<thingDefs>
						<li>WoodLog</li>
					</thingDefs>
				</filter>
				<count>20</count>
			</li>
		</ingredients>
		<fixedIngredientFilter>
			<thingDefs>
				<li>WoodLog</li>
			</thingDefs>
		</fixedIngredientFilter>
		<products>
			<WoodPlank>40</WoodPlank>
		</products>
		<workSkill>Crafting</workSkill>
	</RecipeDef>
	
	<RecipeDef>
		<defName>MakeKindling_Electric</defName>
		<label>make kindling</label>
		<description>Cuts 20 logs into 40 kindling. Quite fast.</description>
		<jobString>Making kindling.</jobString>
		<workAmount>600</workAmount>
		<workSpeedStat>StonecuttingSpeed</workSpeedStat>
		<effectWorking>MakeWoodPlanks_Hand</effectWorking>
		<soundWorking>Recipe_MakeWoodPlanks_Hand</soundWorking>
		<ingredients>
			<li>
				<filter>
					<thingDefs>
						<li>WoodLog</li>
					</thingDefs>
				</filter>
				<count>20</count>
			</li>
		</ingredients>
		<fixedIngredientFilter>
			<thingDefs>
				<li>WoodLog</li>
			</thingDefs>
		</fixedIngredientFilter>
		<products>
			<Kindling>40</Kindling>
		</products>
		<workSkill>Crafting</workSkill>
	</RecipeDef>
	
	<RecipeDef>
		<defName>MakeSteelBars_Electric</defName>
		<label>make steel bars</label>
		<description>Smelt 20 steel ore into 40 steel bars. Quite fast.</description>
		<jobString>Making steel bars.</jobString>
		<workAmount>600</workAmount>
		<workSpeedStat>SmeltingSpeed</workSpeedStat>
		<effectWorking>Smelt</effectWorking>
		<soundWorking>Recipe_Smelt</soundWorking>
		<ingredients>
			<li>
				<filter>
					<thingDefs>
						<li>Steel</li>
					</thingDefs>
				</filter>
				<count>20</count>
			</li>
		</ingredients>
		<fixedIngredientFilter>
			<thingDefs>
				<li>Steel</li>
			</thingDefs>
		</fixedIngredientFilter>
		<products>
			<SteelBar>40</SteelBar>
		</products>
		<workSkill>Crafting</workSkill>
	</RecipeDef>
	
	<RecipeDef>
		<defName>MakePlasteelBars_Electric</defName>
		<label>make plasteel bars</label>
		<description>Smelt 10 plasteel ore into 20 plasteel bars. Quite fast.</description>
		<jobString>Making plasteel bars.</jobString>
		<workAmount>600</workAmount>
		<workSpeedStat>SmeltingSpeed</workSpeedStat>
		<effectWorking>Smelt</effectWorking>
		<soundWorking>Recipe_Smelt</soundWorking>
		<ingredients>
			<li>
				<filter>
					<thingDefs>
						<li>Plasteel</li>
					</thingDefs>
				</filter>
				<count>20</count>
			</li>
		</ingredients>
		<fixedIngredientFilter>
			<thingDefs>
				<li>Plasteel</li>
			</thingDefs>
		</fixedIngredientFilter>
		<products>
			<PlasteelBar>40</PlasteelBar>
		</products>
		<workSkill>Crafting</workSkill>
	</RecipeDef>
	
	<RecipeDef>
		<defName>ExtractMetalFromSlag</defName>
		<label>smelt metal from slag</label>
		<description>Use heat and strong electromagnets to separate useful metal from slag chunks.</description>
		<jobString>Smelting metal from slag.</jobString>
		<workAmount>600</workAmount>
		<workSpeedStat>SmeltingSpeed</workSpeedStat>
		<effectWorking>Smelt</effectWorking>
		<soundWorking>Recipe_Smelt</soundWorking>
		<ingredients>
			<li>
				<filter>
					<thingDefs>
						<li>ChunkSlagSteel</li>
					</thingDefs>
				</filter>
				<count>1</count>
			</li>
		</ingredients>
		<specialProducts>
			<li>Smelted</li>
		</specialProducts>
		<fixedIngredientFilter>
			<thingDefs>
				<li>ChunkSlagSteel</li>
			</thingDefs>
		</fixedIngredientFilter>
		<workSkill>Crafting</workSkill>
	</RecipeDef>

	
	<RecipeDef>
		<defName>SmeltWeapon</defName>
		<label>smelt metal from weapon</label>
		<description>Use heat and strong electromagnets to separate useful metal from weapons.</description>
		<jobString>Smelting metal from weapon.</jobString>
		<workAmount>600</workAmount>
		<workSpeedStat>SmeltingSpeed</workSpeedStat>
		<effectWorking>Smelt</effectWorking>
		<soundWorking>Recipe_Smelt</soundWorking>
		<ingredients>
			<li>
				<filter>
					<categories>
						<li>Weapons</li>
					</categories>
				</filter>
				<count>1</count>
			</li>
		</ingredients>
		<specialProducts>
			<li>Smelted</li>
		</specialProducts>
		<fixedIngredientFilter>
			<categories>
				<li>Weapons</li>
			</categories>
		</fixedIngredientFilter>
		<workSkill>Crafting</workSkill>
	</RecipeDef>
	
	<!--========================= Recipes (Manufactured Goods) =============================-->
	
	<RecipeDef>
		<defName>MakeGlass</defName>
		<label>make glass</label>
		<description>Make glass from sand.</description>
		<jobString>Making glass.</jobString>
		<workAmount>600</workAmount>
		<workSpeedStat>SmeltingSpeed</workSpeedStat>
		<effectWorking>Smelt</effectWorking>
		<soundWorking>Recipe_Smelt</soundWorking>
		<ingredients>
			<li>
				<filter>
					<thingDefs>
						<li>Sand</li>
					</thingDefs>
				</filter>
				<count>20</count>
			</li>
		</ingredients>
		<fixedIngredientFilter>
			<thingDefs>
				<li>Sand</li>
			</thingDefs>
		</fixedIngredientFilter>
		<products>
			<Glass>10</Glass>
		</products>
		<workSkill>Crafting</workSkill>
	</RecipeDef>
	
	<RecipeDef>
		<defName>MakeMulch</defName>
		<label>make mulch</label>
		<description>Make mulch from wood logs.</description>
		<jobString>Making mulch.</jobString>
		<workSpeedStat>StonecuttingSpeed</workSpeedStat>
		<workAmount>600</workAmount>
		<effectWorking>MakeWoodPlanks_Hand</effectWorking>
		<soundWorking>Recipe_MakeWoodPlanks_Hand</soundWorking>
		<ingredients>
			<li>
				<filter>
					<thingDefs>
						<li>WoodLog</li>
					</thingDefs>
				</filter>
				<count>10</count>
			</li>
		</ingredients>
		<fixedIngredientFilter>
			<thingDefs>
				<li>WoodLog</li>
			</thingDefs>
		</fixedIngredientFilter>
		<products>
			<Mulch>20</Mulch>
		</products>
		<workSkill>Crafting</workSkill>
	</RecipeDef>
	
	<RecipeDef>
		<defName>MakeCloth</defName>
		<label>make cloth</label>
		<description>Make cloth from raw cotton.</description>
		<jobString>Making cloth.</jobString>
		<workAmount>600</workAmount>
		<workSpeedStat>TailoringSpeed</workSpeedStat>
		<effectWorking>Tailor</effectWorking>
		<soundWorking>Recipe_Tailor</soundWorking>
		<ingredients>
			<li>
				<filter>
					<thingDefs>
						<li>RawCotton</li>
					</thingDefs>
				</filter>
				<count>20</count>
			</li>
		</ingredients>
		<fixedIngredientFilter>
			<thingDefs>
				<li>RawCotton</li>
			</thingDefs>
		</fixedIngredientFilter>
		<products>
			<Cloth>20</Cloth>
		</products>
		<workSkill>Crafting</workSkill>
	</RecipeDef>
	
	<RecipeDef>
		<defName>MakeSynthreadCloth</defName>
		<label>make synthread cloth</label>
		<description>Make synthread cloth from raw cotton and plasteel.</description>
		<jobString>Making synthread cloth.</jobString>
		<workAmount>600</workAmount>
		<workSpeedStat>TailoringSpeed</workSpeedStat>
		<effectWorking>Tailor</effectWorking>
		<soundWorking>Recipe_Tailor</soundWorking>
		<ingredients>
			<li>
				<filter>
					<thingDefs>
						<li>RawCotton</li>
					</thingDefs>
				</filter>
				<count>10</count>
			</li>
			<li>
				<filter>
					<thingDefs>
						<li>Plasteel</li>
					</thingDefs>
				</filter>
				<count>3</count>
			</li>
		</ingredients>
		<fixedIngredientFilter>
			<thingDefs>
				<li>RawCotton</li>
				<li>Plasteel</li>
			</thingDefs>
		</fixedIngredientFilter>
		<products>
			<Synthread>10</Synthread>
		</products>
		<workSkill>Crafting</workSkill>
	</RecipeDef>
	
	<RecipeDef>
		<defName>MakeDevilstrand</defName>
		<label>make devilstrand cloth</label>
		<description>Make devilstrand cloth from raw devilstrand.</description>
		<jobString>Making devilstrand cloth.</jobString>
		<workAmount>600</workAmount>
		<workSpeedStat>TailoringSpeed</workSpeedStat>
		<effectWorking>Tailor</effectWorking>
		<soundWorking>Recipe_Tailor</soundWorking>
		<ingredients>
			<li>
				<filter>
					<thingDefs>
						<li>RawDevilstrand</li>
					</thingDefs>
				</filter>
				<count>20</count>
			</li>
		</ingredients>
		<fixedIngredientFilter>
			<thingDefs>
				<li>RawDevilstrand</li>
			</thingDefs>
		</fixedIngredientFilter>
		<products>
			<DevilstrandCloth>10</DevilstrandCloth>
		</products>
		<workSkill>Crafting</workSkill>
	</RecipeDef>
	
	<RecipeDef>
		<defName>MakeHyperweaveCloth</defName>
		<label>make hyperweave cloth</label>
		<description>Make hyperweave cloth from synthread and devilstrand cloth.</description>
		<jobString>Making hyperweave cloth.</jobString>
		<workAmount>600</workAmount>
		<workSpeedStat>TailoringSpeed</workSpeedStat>
		<effectWorking>Tailor</effectWorking>
		<soundWorking>Recipe_Tailor</soundWorking>
		<ingredients>
			<li>
				<filter>
					<thingDefs>
						<li>Synthread</li>
					</thingDefs>
				</filter>
				<count>10</count>
			</li>
			<li>
				<filter>
					<thingDefs>
						<li>DevilstrandCloth</li>
					</thingDefs>
				</filter>
				<count>10</count>
			</li>
		</ingredients>
		<fixedIngredientFilter>
			<thingDefs>
				<li>Synthread</li>
				<li>DevilstrandCloth</li>
			</thingDefs>
		</fixedIngredientFilter>
		<products>
			<Hyperweave>10</Hyperweave>
		</products>
		<workSkill>Crafting</workSkill>
	</RecipeDef>
	
	<RecipeDef>
		<defName>MakeElectronics</defName>
		<label>make electronic chips</label>
		<description>Make electronic chips from silver and sand.</description>
		<jobString>Making electronic chips.</jobString>
		<workSpeedStat>SmithingSpeed</workSpeedStat>
		<workAmount>600</workAmount>
		<effectWorking>Smith</effectWorking>
		<soundWorking>Recipe_Machining</soundWorking>
		<ingredients>
			<li>
				<filter>
					<thingDefs>
						<li>Silver</li>
					</thingDefs>
				</filter>
				<count>1</count>
			</li>
			<li>
				<filter>
					<thingDefs>
						<li>Sand</li>
					</thingDefs>
				</filter>
				<count>5</count>
			</li>
		</ingredients>
		<fixedIngredientFilter>
			<thingDefs>
				<li>Silver</li>
				<li>Sand</li>
			</thingDefs>
		</fixedIngredientFilter>
		<products>
			<Electronics>5</Electronics>
		</products>
		<workSkill>Crafting</workSkill>
	</RecipeDef>
	
	<RecipeDef>
		<defName>MakeMedicine</defName>
		<label>make medicine</label>
		<description>Make medicine from herbs and cloth.</description>
		<jobString>Making medicine.</jobString>
		<workSpeedStat>SmithingSpeed</workSpeedStat>
		<workAmount>600</workAmount>
		<effectWorking>Cook</effectWorking>
		<soundWorking>Recipe_CookMeal</soundWorking>
		<ingredients>
			<li>
				<filter>
					<thingDefs>
						<li>HerbalMedicine</li>
					</thingDefs>
				</filter>
				<count>2</count>
			</li>
			<li>
				<filter>
					<thingDefs>
						<li>Cloth</li>
					</thingDefs>
				</filter>
				<count>5</count>
			</li>
		</ingredients>
		<fixedIngredientFilter>
			<thingDefs>
				<li>HerbalMedicine</li>
				<li>Cloth</li>
			</thingDefs>
		</fixedIngredientFilter>
		<products>
			<Medicine>1</Medicine>
		</products>
		<workSkill>Medicine</workSkill>
	</RecipeDef>

	<RecipeDef>
		<defName>MakeArtilleryShell</defName>
		<label>make artillery shell</label>
		<description>Craft an artillery shell.</description>
		<jobString>Making artillery shell.</jobString>
		<workSpeedStat>SmithingSpeed</workSpeedStat>
		<effectWorking>Smith</effectWorking>
		<soundWorking>Recipe_Machining</soundWorking>
		<allowMixingIngredients>true</allowMixingIngredients>
		<workAmount>600</workAmount>
		<targetCountAdjustment>5</targetCountAdjustment>
		<ingredients>
			<li>
				<filter>
					<thingDefs>
						<li>SteelBar</li>
					</thingDefs>
				</filter>
				<count>25</count>
			</li>
		</ingredients>
		<fixedIngredientFilter>
			<thingDefs>
				<li>SteelBar</li>
			</thingDefs>
		</fixedIngredientFilter>
		<products>
			<ArtilleryShell>5</ArtilleryShell>
		</products>
		<workSkill>Crafting</workSkill>
	</RecipeDef>
	
	<RecipeDef>
		<defName>ExtractBiomatterCorpse</defName>
		<label>extract biomatter from corpse</label>
		<description>Extracts biomatter from a corpse.</description>
		<jobString>Extracting.</jobString>
		<workAmount>600</workAmount>
		<effectWorking>Cremate</effectWorking>
		<soundWorking>Recipe_Cremate</soundWorking>
		<ingredients>
			<li>
				<filter>
					<categories>
						<li>Corpses</li>
					</categories>
				</filter>
				<count>1</count>
			</li>
		</ingredients>
		<fixedIngredientFilter>
			<categories>
				<li>Corpses</li>
			</categories>
			<exceptedCategories>
				<li>CorpsesMechanoid</li>
				<li>CorpsesAnimal</li>
			</exceptedCategories>
		</fixedIngredientFilter>
		<defaultIngredientFilter>
			<thingDefs>
				<li>Human_Corpse</li>
			</thingDefs>
			<specialFiltersToAllow>
				<li>AllowCorpsesColonist</li>
				<li>AllowCorpsesStranger</li>
			</specialFiltersToAllow>
		</defaultIngredientFilter>
		<products>
			<Biomatter>35</Biomatter>
		</products>
		<workSkill>Medicine</workSkill>
	</RecipeDef>
	
	<RecipeDef>
		<defName>MakeEthanolFuel</defName>
		<label>make ethanol fuel</label>
		<description>Make ethanol fuel from raw corn.</description>
		<jobString>Making ethanol fuel.</jobString>
		<workSpeedStat>BrewingSpeed</workSpeedStat>
		<effectWorking>Cook</effectWorking>
		<soundWorking>Recipe_CookMeal</soundWorking>
		<allowMixingIngredients>true</allowMixingIngredients>
		<workAmount>600</workAmount>
		<ingredients>
			<li>
				<filter>
					<thingDefs>
						<li>RawCorn</li>
					</thingDefs>
				</filter>
				<count>15</count>
			</li>
		</ingredients>
		<fixedIngredientFilter>
			<thingDefs>
				<li>RawCorn</li>
			</thingDefs>
		</fixedIngredientFilter>
		<products>
			<EthanolFuel>5</EthanolFuel>
		</products>
		<workSkill>Cooking</workSkill>
	</RecipeDef>
	
	<RecipeDef>
		<defName>MakeArtificialBone</defName>
		<label>make artificial bone</label>
		<description>Make an artificial bone from plasteel bars</description>
		<jobString>Making an artificial bone.</jobString>
		<workSpeedStat>SmithingSpeed</workSpeedStat>
		<effectWorking>Smith</effectWorking>
		<soundWorking>Recipe_Smith</soundWorking>
		<workAmount>1250</workAmount>
		<skillRequirements>
			<li>
				<skill>Crafting</skill>
				<minLevel>8</minLevel>
			</li>
		</skillRequirements>
		<ingredients>
			<li>
				<filter>
					<thingDefs>
						<li>PlasteelBar</li>
					</thingDefs>
				</filter>
				<count>25</count>
			</li>
		</ingredients>
		<fixedIngredientFilter>
			<thingDefs>
				<li>PlasteelBar</li>
			</thingDefs>
		</fixedIngredientFilter>
		<products>
			<ArtificialBone>5</ArtificialBone>
		</products>
		<workSkill>Medicine</workSkill>
	</RecipeDef>
	
	<RecipeDef>
		<defName>AlchemyPlasteel</defName>
		<label>synthesize plasteel</label>
		<description>Synthesize plasteel from steel ore and raw devilstrand</description>
		<jobString>Synthesize plasteel.</jobString>
		<workSpeedStat>BrewingSpeed</workSpeedStat>
		<effectWorking>Cook</effectWorking>
		<soundWorking>Recipe_CookMeal</soundWorking>
		<workAmount>1200</workAmount>
		<skillRequirements>
			<li>
				<skill>Crafting</skill>
				<minLevel>6</minLevel>
			</li>
		</skillRequirements>
		<ingredients>
			<li>
				<filter>
					<thingDefs>
						<li>Steel</li>
					</thingDefs>
				</filter>
				<count>20</count>
			</li>
			<li>
				<filter>
					<thingDefs>
						<li>RawDevilstrand</li>
					</thingDefs>
				</filter>
				<count>10</count>
			</li>
		</ingredients>
		<fixedIngredientFilter>
			<thingDefs>
				<li>Steel</li>
				<li>RawDevilstrand</li>
			</thingDefs>
		</fixedIngredientFilter>
		<products>
			<Plasteel>20</Plasteel>
		</products>
		<workSkill>Crafting</workSkill>
	</RecipeDef>
	
	<!--========================= Recipes (Body Parts) =============================-->
	
	<RecipeDef>
		<defName>MakeNaturalEye</defName>
		<label>grow natural eye</label>
		<description>Grow a natural eye from biomatter</description>
		<jobString>Growing a natural eye.</jobString>
		<workSpeedStat>SmithingSpeed</workSpeedStat>
		<effectWorking>Cook</effectWorking>
		<soundWorking>Recipe_CookMeal</soundWorking>
		<workAmount>2500</workAmount>
		<skillRequirements>
			<li>
				<skill>Medicine</skill>
				<minLevel>6</minLevel>
			</li>
		</skillRequirements>
		<ingredients>
			<li>
				<filter>
					<thingDefs>
						<li>Biomatter</li>
					</thingDefs>
				</filter>
				<count>35</count>
			</li>
		</ingredients>
		<fixedIngredientFilter>
			<thingDefs>
				<li>Biomatter</li>
			</thingDefs>
		</fixedIngredientFilter>
		<products>
			<Eye>1</Eye>
		</products>
		<workSkill>Medicine</workSkill>
	</RecipeDef>
	
	<RecipeDef>
		<defName>MakeNaturalEar</defName>
		<label>grow natural ear</label>
		<description>Grow a natural ear from biomatter</description>
		<jobString>Growing a natural ear.</jobString>
		<workSpeedStat>SmithingSpeed</workSpeedStat>
		<effectWorking>Cook</effectWorking>
		<soundWorking>Recipe_CookMeal</soundWorking>
		<workAmount>2500</workAmount>
		<skillRequirements>
			<li>
				<skill>Medicine</skill>
				<minLevel>6</minLevel>
			</li>
		</skillRequirements>
		<ingredients>
			<li>
				<filter>
					<thingDefs>
						<li>Biomatter</li>
					</thingDefs>
				</filter>
				<count>35</count>
			</li>
		</ingredients>
		<fixedIngredientFilter>
			<thingDefs>
				<li>Biomatter</li>
			</thingDefs>
		</fixedIngredientFilter>
		<products>
			<Ear>1</Ear>
		</products>
		<workSkill>Medicine</workSkill>
	</RecipeDef>
	
	<RecipeDef>
		<defName>MakeNaturalNose</defName>
		<label>grow natural nose</label>
		<description>Grow a natural nose from biomatter</description>
		<jobString>Growing a natural nose.</jobString>
		<workSpeedStat>SmithingSpeed</workSpeedStat>
		<effectWorking>Cook</effectWorking>
		<soundWorking>Recipe_CookMeal</soundWorking>
		<workAmount>2500</workAmount>
		<skillRequirements>
			<li>
				<skill>Medicine</skill>
				<minLevel>6</minLevel>
			</li>
		</skillRequirements>
		<ingredients>
			<li>
				<filter>
					<thingDefs>
						<li>Biomatter</li>
					</thingDefs>
				</filter>
				<count>35</count>
			</li>
		</ingredients>
		<fixedIngredientFilter>
			<thingDefs>
				<li>Biomatter</li>
			</thingDefs>
		</fixedIngredientFilter>
		<products>
			<Nose>1</Nose>
		</products>
		<workSkill>Medicine</workSkill>
	</RecipeDef>
	
	<RecipeDef>
		<defName>MakeNaturalHeart</defName>
		<label>grow natural heart</label>
		<description>Grow a natural heart from biomatter</description>
		<jobString>Growing a natural heart.</jobString>
		<workSpeedStat>SmithingSpeed</workSpeedStat>
		<effectWorking>Cook</effectWorking>
		<soundWorking>Recipe_CookMeal</soundWorking>
		<workAmount>2500</workAmount>
		<skillRequirements>
			<li>
				<skill>Medicine</skill>
				<minLevel>6</minLevel>
			</li>
		</skillRequirements>
		<ingredients>
			<li>
				<filter>
					<thingDefs>
						<li>Biomatter</li>
					</thingDefs>
				</filter>
				<count>35</count>
			</li>
		</ingredients>
		<fixedIngredientFilter>
			<thingDefs>
				<li>Biomatter</li>
			</thingDefs>
		</fixedIngredientFilter>
		<products>
			<Heart>1</Heart>
		</products>
		<workSkill>Medicine</workSkill>
	</RecipeDef>
	
	<RecipeDef>
		<defName>MakeNaturalLung</defName>
		<label>grow natural lung</label>
		<description>Grow a natural lung from biomatter</description>
		<jobString>Growing a natural lung.</jobString>
		<workSpeedStat>SmithingSpeed</workSpeedStat>
		<effectWorking>Cook</effectWorking>
		<soundWorking>Recipe_CookMeal</soundWorking>
		<workAmount>2500</workAmount>
		<skillRequirements>
			<li>
				<skill>Medicine</skill>
				<minLevel>6</minLevel>
			</li>
		</skillRequirements>
		<ingredients>
			<li>
				<filter>
					<thingDefs>
						<li>Biomatter</li>
					</thingDefs>
				</filter>
				<count>35</count>
			</li>
		</ingredients>
		<fixedIngredientFilter>
			<thingDefs>
				<li>Biomatter</li>
			</thingDefs>
		</fixedIngredientFilter>
		<products>
			<Lung>1</Lung>
		</products>
		<workSkill>Medicine</workSkill>
	</RecipeDef>
	
	<RecipeDef>
		<defName>MakeNaturalLiver</defName>
		<label>grow natural liver</label>
		<description>Grow a natural liver from biomatter</description>
		<jobString>Growing a natural liver.</jobString>
		<workSpeedStat>SmithingSpeed</workSpeedStat>
		<effectWorking>Cook</effectWorking>
		<soundWorking>Recipe_CookMeal</soundWorking>
		<workAmount>2500</workAmount>
		<skillRequirements>
			<li>
				<skill>Medicine</skill>
				<minLevel>6</minLevel>
			</li>
		</skillRequirements>
		<ingredients>
			<li>
				<filter>
					<thingDefs>
						<li>Biomatter</li>
					</thingDefs>
				</filter>
				<count>35</count>
			</li>
		</ingredients>
		<fixedIngredientFilter>
			<thingDefs>
				<li>Biomatter</li>
			</thingDefs>
		</fixedIngredientFilter>
		<products>
			<Liver>1</Liver>
		</products>
		<workSkill>Medicine</workSkill>
	</RecipeDef>
	
	<RecipeDef>
		<defName>MakeNaturalKidney</defName>
		<label>grow natural kidney</label>
		<description>Grow a natural kidney from biomatter</description>
		<jobString>Growing a natural kidney.</jobString>
		<workSpeedStat>SmithingSpeed</workSpeedStat>
		<effectWorking>Cook</effectWorking>
		<soundWorking>Recipe_CookMeal</soundWorking>
		<workAmount>2500</workAmount>
		<skillRequirements>
			<li>
				<skill>Medicine</skill>
				<minLevel>6</minLevel>
			</li>
		</skillRequirements>
		<ingredients>
			<li>
				<filter>
					<thingDefs>
						<li>Biomatter</li>
					</thingDefs>
				</filter>
				<count>35</count>
			</li>
		</ingredients>
		<fixedIngredientFilter>
			<thingDefs>
				<li>Biomatter</li>
			</thingDefs>
		</fixedIngredientFilter>
		<products>
			<Kidney>1</Kidney>
		</products>
		<workSkill>Medicine</workSkill>
	</RecipeDef>
	
	<RecipeDef>
		<defName>MakeNaturalStomach</defName>
		<label>grow natural stomach</label>
		<description>Grow a natural stomach from biomatter</description>
		<jobString>Growing a natural stomach.</jobString>
		<workSpeedStat>SmithingSpeed</workSpeedStat>
		<effectWorking>Cook</effectWorking>
		<soundWorking>Recipe_CookMeal</soundWorking>
		<workAmount>2500</workAmount>
		<skillRequirements>
			<li>
				<skill>Medicine</skill>
				<minLevel>6</minLevel>
			</li>
		</skillRequirements>
		<ingredients>
			<li>
				<filter>
					<thingDefs>
						<li>Biomatter</li>
					</thingDefs>
				</filter>
				<count>35</count>
			</li>
		</ingredients>
		<fixedIngredientFilter>
			<thingDefs>
				<li>Biomatter</li>
			</thingDefs>
		</fixedIngredientFilter>
		<products>
			<Stomach>1</Stomach>
		</products>
		<workSkill>Medicine</workSkill>
	</RecipeDef>
	
	<RecipeDef>
		<defName>MakeSimpleProstheticArm</defName>
		<label>make simple prosthetic arm</label>
		<description>make a simple prosthetic arm from steel bars</description>
		<jobString>Making a simple prosthetic arm.</jobString>
		<workSpeedStat>SmithingSpeed</workSpeedStat>
		<effectWorking>Smith</effectWorking>
		<soundWorking>Recipe_Smith</soundWorking>
		<workAmount>1600</workAmount>
		<skillRequirements>
			<li>
				<skill>Crafting</skill>
				<minLevel>6</minLevel>
			</li>
		</skillRequirements>
		<ingredients>
			<li>
				<filter>
					<thingDefs>
						<li>SteelBar</li>
					</thingDefs>
				</filter>
				<count>50</count>
			</li>
		</ingredients>
		<fixedIngredientFilter>
			<thingDefs>
				<li>SteelBar</li>
			</thingDefs>
		</fixedIngredientFilter>
		<products>
			<SimpleProstheticArm>1</SimpleProstheticArm>
		</products>
		<workSkill>Crafting</workSkill>
	</RecipeDef>
	
	<RecipeDef>
		<defName>MakeSimpleProstheticLeg</defName>
		<label>make simple prosthetic leg</label>
		<description>make a simple prosthetic leg from steel bars</description>
		<jobString>Making a simple prosthetic leg.</jobString>
		<workSpeedStat>SmithingSpeed</workSpeedStat>
		<effectWorking>Smith</effectWorking>
		<soundWorking>Recipe_Smith</soundWorking>
		<workAmount>1600</workAmount>
		<skillRequirements>
			<li>
				<skill>Crafting</skill>
				<minLevel>6</minLevel>
			</li>
		</skillRequirements>
		<ingredients>
			<li>
				<filter>
					<thingDefs>
						<li>SteelBar</li>
					</thingDefs>
				</filter>
				<count>75</count>
			</li>
		</ingredients>
		<fixedIngredientFilter>
			<thingDefs>
				<li>SteelBar</li>
			</thingDefs>
		</fixedIngredientFilter>
		<products>
			<SimpleProstheticLeg>1</SimpleProstheticLeg>
		</products>
		<workSkill>Crafting</workSkill>
	</RecipeDef>
	
	<RecipeDef>
		<defName>MakeSteelDenture</defName>
		<label>make durable jaw prosthesis</label>
		<description>make a Simple but durable jaw prosthesis from steel bars</description>
		<jobString>Making a durable jaw prosthesis.</jobString>
		<workSpeedStat>SmithingSpeed</workSpeedStat>
		<effectWorking>Smith</effectWorking>
		<soundWorking>Recipe_Smith</soundWorking>
		<workAmount>800</workAmount>
		<skillRequirements>
			<li>
				<skill>Crafting</skill>
				<minLevel>6</minLevel>
			</li>
		</skillRequirements>
		<ingredients>
			<li>
				<filter>
					<thingDefs>
						<li>SteelBar</li>
					</thingDefs>
				</filter>
				<count>25</count>
			</li>
		</ingredients>
		<fixedIngredientFilter>
			<thingDefs>
				<li>SteelBar</li>
			</thingDefs>
		</fixedIngredientFilter>
		<products>
			<SteelDenture>1</SteelDenture>
		</products>
		<workSkill>Crafting</workSkill>
	</RecipeDef>
	
	<RecipeDef>
		<defName>MakeAdvancedProstheticArm</defName>
		<label>make advanced prosthetic arm</label>
		<description>make an advanced prosthetic arm from steel and plasteel bars</description>
		<jobString>Making an advanced prosthetic arm.</jobString>
		<workSpeedStat>SmithingSpeed</workSpeedStat>
		<effectWorking>Smith</effectWorking>
		<soundWorking>Recipe_Smith</soundWorking>
		<workAmount>2500</workAmount>
		<skillRequirements>
			<li>
				<skill>Crafting</skill>
				<minLevel>8</minLevel>
			</li>
		</skillRequirements>
		<ingredients>
			<li>
				<filter>
					<thingDefs>
						<li>SteelBar</li>
					</thingDefs>
				</filter>
				<count>50</count>
			</li>
			<li>
				<filter>
					<thingDefs>
						<li>PlasteelBar</li>
					</thingDefs>
				</filter>
				<count>20</count>
			</li>
		</ingredients>
		<fixedIngredientFilter>
			<thingDefs>
				<li>SteelBar</li>
				<li>PlasteelBar</li>
			</thingDefs>
		</fixedIngredientFilter>
		<products>
			<AdvancedProstheticArm>1</AdvancedProstheticArm>
		</products>
		<workSkill>Crafting</workSkill>
	</RecipeDef>
	
	<RecipeDef>
		<defName>MakeAdvancedProstheticLeg</defName>
		<label>make advanced prosthetic leg</label>
		<description>make an advanced prosthetic leg from steel and plasteel bars</description>
		<jobString>Making an advanced prosthetic leg.</jobString>
		<workSpeedStat>SmithingSpeed</workSpeedStat>
		<effectWorking>Smith</effectWorking>
		<soundWorking>Recipe_Smith</soundWorking>
		<workAmount>2500</workAmount>
		<skillRequirements>
			<li>
				<skill>Crafting</skill>
				<minLevel>8</minLevel>
			</li>
		</skillRequirements>
		<ingredients>
			<li>
				<filter>
					<thingDefs>
						<li>SteelBar</li>
					</thingDefs>
				</filter>
				<count>75</count>
			</li>
			<li>
				<filter>
					<thingDefs>
						<li>PlasteelBar</li>
					</thingDefs>
				</filter>
				<count>40</count>
			</li>
		</ingredients>
		<fixedIngredientFilter>
			<thingDefs>
				<li>SteelBar</li>
				<li>PlasteelBar</li>
			</thingDefs>
		</fixedIngredientFilter>
		<products>
			<AdvancedProstheticLeg>1</AdvancedProstheticLeg>
		</products>
		<workSkill>Crafting</workSkill>
	</RecipeDef>
	
	<RecipeDef>
		<defName>MakePlasteelDenture</defName>
		<label>make advanced jaw prosthesis</label>
		<description>make an advanced jaw prosthesis from steel and plasteel bars</description>
		<jobString>Making an advanced jaw prosthesis.</jobString>
		<workSpeedStat>SmithingSpeed</workSpeedStat>
		<effectWorking>Smith</effectWorking>
		<soundWorking>Recipe_Smith</soundWorking>
		<workAmount>1250</workAmount>
		<skillRequirements>
			<li>
				<skill>Crafting</skill>
				<minLevel>8</minLevel>
			</li>
		</skillRequirements>
		<ingredients>
			<li>
				<filter>
					<thingDefs>
						<li>SteelBar</li>
					</thingDefs>
				</filter>
				<count>15</count>
			</li>
			<li>
				<filter>
					<thingDefs>
						<li>PlasteelBar</li>
					</thingDefs>
				</filter>
				<count>10</count>
			</li>
		</ingredients>
		<fixedIngredientFilter>
			<thingDefs>
				<li>SteelBar</li>
				<li>PlasteelBar</li>
			</thingDefs>
		</fixedIngredientFilter>
		<products>
			<PlasteelDenture>1</PlasteelDenture>
		</products>
		<workSkill>Crafting</workSkill>
	</RecipeDef>
	
	<RecipeDef>
		<defName>MakePowerClaw</defName>
		<label>make powered arm</label>
		<description>make a powered arm prosthesis from steel bars, plasteel bars, and electronics</description>
		<jobString>Making a powered arm prosthesis.</jobString>
		<workSpeedStat>SmithingSpeed</workSpeedStat>
		<effectWorking>Smith</effectWorking>
		<soundWorking>Recipe_Smith</soundWorking>
		<workAmount>2500</workAmount>
		<skillRequirements>
			<li>
				<skill>Crafting</skill>
				<minLevel>8</minLevel>
			</li>
		</skillRequirements>
		<ingredients>
			<li>
				<filter>
					<thingDefs>
						<li>SteelBar</li>
					</thingDefs>
				</filter>
				<count>50</count>
			</li>
			<li>
				<filter>
					<thingDefs>
						<li>PlasteelBar</li>
					</thingDefs>
				</filter>
				<count>10</count>
			</li>
		</ingredients>
		<fixedIngredientFilter>
			<thingDefs>
				<li>SteelBar</li>
				<li>PlasteelBar</li>
			</thingDefs>
		</fixedIngredientFilter>
		<products>
			<PowerClaw>1</PowerClaw>
		</products>
		<workSkill>Crafting</workSkill>
	</RecipeDef>
	
	<RecipeDef>
		<defName>MakeScytherBlade</defName>
		<label>make scyther blade</label>
		<description>make a scyther blade prosthesis from steel bars, plasteel bars, and electronics</description>
		<jobString>Making a scyther blade prosthesis.</jobString>
		<workSpeedStat>SmithingSpeed</workSpeedStat>
		<effectWorking>Smith</effectWorking>
		<soundWorking>Recipe_Smith</soundWorking>
		<workAmount>2500</workAmount>
		<skillRequirements>
			<li>
				<skill>Crafting</skill>
				<minLevel>8</minLevel>
			</li>
		</skillRequirements>
		<ingredients>
			<li>
				<filter>
					<thingDefs>
						<li>SteelBar</li>
					</thingDefs>
				</filter>
				<count>70</count>
			</li>
			<li>
				<filter>
					<thingDefs>
						<li>PlasteelBar</li>
					</thingDefs>
				</filter>
				<count>40</count>
			</li>
		</ingredients>
		<fixedIngredientFilter>
			<thingDefs>
				<li>SteelBar</li>
				<li>PlasteelBar</li>
			</thingDefs>
		</fixedIngredientFilter>
		<products>
			<ScytherBlade>1</ScytherBlade>
		</products>
		<workSkill>Crafting</workSkill>
	</RecipeDef>
	
	<RecipeDef>
		<defName>MakeBionicEye</defName>
		<label>make bionic eye</label>
		<description>make a bionic eye from plasteel bars, glass, and electronics</description>
		<jobString>Making a bionic eye.</jobString>
		<workSpeedStat>SmithingSpeed</workSpeedStat>
		<effectWorking>Smith</effectWorking>
		<soundWorking>Recipe_Smith</soundWorking>
		<workAmount>3000</workAmount>
		<skillRequirements>
			<li>
				<skill>Crafting</skill>
				<minLevel>10</minLevel>
			</li>
		</skillRequirements>
		<ingredients>
			<li>
				<filter>
					<thingDefs>
						<li>PlasteelBar</li>
					</thingDefs>
				</filter>
				<count>30</count>
			</li>
			<li>
				<filter>
					<thingDefs>
						<li>Glass</li>
					</thingDefs>
				</filter>
				<count>10</count>
			</li>
			<li>
				<filter>
					<thingDefs>
						<li>Electronics</li>
					</thingDefs>
				</filter>
				<count>10</count>
			</li>
		</ingredients>
		<fixedIngredientFilter>
			<thingDefs>
				<li>PlasteelBar</li>
				<li>Glass</li>
				<li>Electronics</li>
			</thingDefs>
		</fixedIngredientFilter>
		<products>
			<BionicEye>1</BionicEye>
		</products>
		<workSkill>Crafting</workSkill>
	</RecipeDef>
	
	<RecipeDef>
		<defName>MakeBionicEar</defName>
		<label>make bionic ear</label>
		<description>make a bionic ear from artificial bone, plasteel bars, and electronics</description>
		<jobString>Making a bionic ear.</jobString>
		<workSpeedStat>SmithingSpeed</workSpeedStat>
		<effectWorking>Smith</effectWorking>
		<soundWorking>Recipe_Smith</soundWorking>
		<workAmount>3000</workAmount>
		<skillRequirements>
			<li>
				<skill>Crafting</skill>
				<minLevel>10</minLevel>
			</li>
		</skillRequirements>
		<ingredients>
			<li>
				<filter>
					<thingDefs>
						<li>ArtificialBone</li>
					</thingDefs>
				</filter>
				<count>2</count>
			</li>
			<li>
				<filter>
					<thingDefs>
						<li>PlasteelBar</li>
					</thingDefs>
				</filter>
				<count>30</count>
			</li>
			<li>
				<filter>
					<thingDefs>
						<li>Electronics</li>
					</thingDefs>
				</filter>
				<count>10</count>
			</li>
		</ingredients>
		<fixedIngredientFilter>
			<thingDefs>
				<li>ArtificialBone</li>
				<li>PlasteelBar</li>
				<li>Electronics</li>
			</thingDefs>
		</fixedIngredientFilter>
		<products>
			<BionicEar>1</BionicEar>
		</products>
		<workSkill>Crafting</workSkill>
	</RecipeDef>
	
	<RecipeDef>
		<defName>MakeBionicArm</defName>
		<label>make bionic arm</label>
		<description>make a bionic arm from artificial bone, plasteel bars, and electronics</description>
		<jobString>Making a bionic arm.</jobString>
		<workSpeedStat>SmithingSpeed</workSpeedStat>
		<effectWorking>Smith</effectWorking>
		<soundWorking>Recipe_Smith</soundWorking>
		<workAmount>3000</workAmount>
		<skillRequirements>
			<li>
				<skill>Crafting</skill>
				<minLevel>10</minLevel>
			</li>
		</skillRequirements>
		<ingredients>
			<li>
				<filter>
					<thingDefs>
						<li>ArtificialBone</li>
					</thingDefs>
				</filter>
				<count>5</count>
			</li>
			<li>
				<filter>
					<thingDefs>
						<li>PlasteelBar</li>
					</thingDefs>
				</filter>
				<count>40</count>
			</li>
			<li>
				<filter>
					<thingDefs>
						<li>Electronics</li>
					</thingDefs>
				</filter>
				<count>15</count>
			</li>
		</ingredients>
		<fixedIngredientFilter>
			<thingDefs>
				<li>ArtificialBone</li>
				<li>PlasteelBar</li>
				<li>Electronics</li>
			</thingDefs>
		</fixedIngredientFilter>
		<products>
			<BionicArm>1</BionicArm>
		</products>
		<workSkill>Crafting</workSkill>
	</RecipeDef>
	
	<RecipeDef>
		<defName>MakeBionicLeg</defName>
		<label>make bionic leg</label>
		<description>make a bionic leg from artificial bone, plasteel bars, and electronics</description>
		<jobString>Making a bionic leg.</jobString>
		<workSpeedStat>SmithingSpeed</workSpeedStat>
		<effectWorking>Smith</effectWorking>
		<soundWorking>Recipe_Smith</soundWorking>
		<workAmount>3000</workAmount>
		<skillRequirements>
			<li>
				<skill>Crafting</skill>
				<minLevel>10</minLevel>
			</li>
		</skillRequirements>
		<ingredients>
			<li>
				<filter>
					<thingDefs>
						<li>ArtificialBone</li>
					</thingDefs>
				</filter>
				<count>5</count>
			</li>
			<li>
				<filter>
					<thingDefs>
						<li>PlasteelBar</li>
					</thingDefs>
				</filter>
				<count>40</count>
			</li>
			<li>
				<filter>
					<thingDefs>
						<li>Electronics</li>
					</thingDefs>
				</filter>
				<count>15</count>
			</li>
		</ingredients>
		<fixedIngredientFilter>
			<thingDefs>
				<li>ArtificialBone</li>
				<li>PlasteelBar</li>
				<li>Electronics</li>
			</thingDefs>
		</fixedIngredientFilter>
		<products>
			<BionicLeg>1</BionicLeg>
		</products>
		<workSkill>Crafting</workSkill>
	</RecipeDef>
	
	<RecipeDef>
		<defName>MakeBionicSpine</defName>
		<label>make bionic spine</label>
		<description>make a bionic spine from artificial bone, plasteel bars, and electronics</description>
		<jobString>Making a bionic spine.</jobString>
		<workSpeedStat>SmithingSpeed</workSpeedStat>
		<effectWorking>Smith</effectWorking>
		<soundWorking>Recipe_Smith</soundWorking>
		<workAmount>4500</workAmount>
		<skillRequirements>
			<li>
				<skill>Crafting</skill>
				<minLevel>10</minLevel>
			</li>
		</skillRequirements>
		<ingredients>
			<li>
				<filter>
					<thingDefs>
						<li>ArtificialBone</li>
					</thingDefs>
				</filter>
				<count>10</count>
			</li>
			<li>
				<filter>
					<thingDefs>
						<li>PlasteelBar</li>
					</thingDefs>
				</filter>
				<count>20</count>
			</li>
			<li>
				<filter>
					<thingDefs>
						<li>Electronics</li>
					</thingDefs>
				</filter>
				<count>30</count>
			</li>
		</ingredients>
		<fixedIngredientFilter>
			<thingDefs>
				<li>ArtificialBone</li>
				<li>PlasteelBar</li>
				<li>Electronics</li>
			</thingDefs>
		</fixedIngredientFilter>
		<products>
			<BionicSpine>1</BionicSpine>
		</products>
		<workSkill>Crafting</workSkill>
	</RecipeDef>
	
	<RecipeDef>
		<defName>MakeBionicBrain</defName>
		<label>make positronic brain implant</label>
		<description>make a positronic brain implant from artificial bone, plasteel bars, and electronics</description>
		<jobString>Making a positronic brain implant.</jobString>
		<workSpeedStat>SmithingSpeed</workSpeedStat>
		<effectWorking>Smith</effectWorking>
		<soundWorking>Recipe_Smith</soundWorking>
		<workAmount>4500</workAmount>
		<skillRequirements>
			<li>
				<skill>Crafting</skill>
				<minLevel>10</minLevel>
			</li>
		</skillRequirements>
		<ingredients>
			<li>
				<filter>
					<thingDefs>
						<li>AIPersonaCore</li>
					</thingDefs>
				</filter>
				<count>1</count>
			</li>
			<li>
				<filter>
					<thingDefs>
						<li>PlasteelBar</li>
					</thingDefs>
				</filter>
				<count>20</count>
			</li>
			<li>
				<filter>
					<thingDefs>
						<li>Electronics</li>
					</thingDefs>
				</filter>
				<count>10</count>
			</li>
		</ingredients>
		<fixedIngredientFilter>
			<thingDefs>
				<li>AIPersonaCore</li>
				<li>PlasteelBar</li>
				<li>Electronics</li>
			</thingDefs>
		</fixedIngredientFilter>
		<products>
			<BionicBrain>1</BionicBrain>
		</products>
		<workSkill>Crafting</workSkill>
	</RecipeDef>


</RecipeDefs>