﻿<?xml version="1.0" encoding="utf-8"?>
<ModMetaData>
	<name>LT-RedistHeat</name>
	<author>mrCarlton, Latta</author>
    <url>https://ludeon.com/forums/index.php?topic=11056.0</url>
	<targetVersion>Alpha 11</targetVersion>
	<description>
    This mod adds various method of temperature equalization with addition of big industrial cooler/heater.
    -Vent : Upgraded vanilla vent that allows you to close.
    -Active vent : Same as above, with automatic opening/closing.
    -Ventilation door : A door capable of exchange temperature even if it's closed. Not efficient as any vent or duct components.
    -Industrial heater : Big and efficient heater.
    -Industrial cooler : Big cooler. Needs external exhaust ports to work.
    -Exhaust port : Use with industrial cooler. Multiple ports will increase attached cooler's efficiency.

    There's one more: The ducts. It works as a air duct system, makes you able to equalize temperature between remote rooms.
    -Duct pipe : Moves air/heat.
    -Duct opening : (Mostly)Pull air/heat from its network and room. Use these with intake is advisable.
    -Smart duct outlet : A duct component which acts like an active opening.
    -Duct intake : Push air/heat to its connected network.

    Original mod for Alpha 8 by mrCarlton(carlgraves). Modified by Latta.
    justarandomgeek for AirNet code's base.
    Kaballah for his nice description, image and feedback.
  </description>
</ModMetaData>
