<?xml version="1.0" encoding="UTF-8"?>
<Buildings>
		<ThingDef Abstract="True" Name="BuildingBase">
				<category>Building</category>
				<soundImpactDefault>BulletImpactMetal</soundImpactDefault>
				<selectable>true</selectable>
				<drawerType>MapMeshAndRealTime</drawerType>
				<terrainAffordanceNeeded>Light</terrainAffordanceNeeded>
				<repairEffect>Repair</repairEffect>
				<leaveResourcesWhenKilled>true</leaveResourcesWhenKilled>
				<filthLeaving>BuildingRubble</filthLeaving>
				<designationCategory>Ductwork</designationCategory>
				<constructEffect>ConstructMetal</constructEffect>
		</ThingDef>
		<!-- Duct pipes !-->
		<ThingDef ParentName="BuildingBase" Name="Pipe">
				<defName>RedistHeat_DuctPipe</defName>
				<label>duct pipe</label>
				<description>A pipe for moving air around. Note: Ducts are a bit slower than vents.</description>
				<category>Building</category>
				<thingClass>RedistHeat.BuildingDuctPipe</thingClass>
				<graphicData>
					<graphicClass>Graphic_Single</graphicClass>
					<texPath>Things/Building/Linked/DuctPipe</texPath>
					<linkType>Basic</linkType>
					<linkFlags>
							<li>Custom7</li>
					</linkFlags>
				</graphicData>
				<uiIconPath>Things/Building/Linked/DuctPipeIcon</uiIconPath>
				<building>
						<isEdifice>false</isEdifice>
				</building>
				<statBases>
						<Flammability>1.0</Flammability>
						<MaxHitPoints>80</MaxHitPoints>
						<WorkToMake>50</WorkToMake>
				</statBases>
				<costList>
						<Steel>4</Steel>
				</costList>
				<altitudeLayer>FloorEmplacement</altitudeLayer>
				<leaveResourcesWhenKilled>false</leaveResourcesWhenKilled>
				<neverMultiSelect>true</neverMultiSelect>
				<passability>Standable</passability>
				<rotatable>false</rotatable>
				<placingDraggableDimensions>1</placingDraggableDimensions>
				<comps>
						<li>
								<compClass>RedistHeat.CompAirTransmitter</compClass>
						</li>
				</comps>
		</ThingDef>
		<ThingDef ParentName="BuildingBase">
				<defName>RedistHeat_DuctIntersection</defName>
				<label>pipe intersection</label>
				<thingClass>RedistHeat.BuildingDuctIntersection</thingClass>
				<graphicData>
					<texPath>Things/Building/AirNet/DuctIntersection</texPath>
					<graphicClass>Graphic_Single</graphicClass>
				</graphicData>
				<rotatable>false</rotatable>
				<category>Building</category>
				<altitudeLayer>Waist</altitudeLayer>
				<passability>PassThroughOnly</passability>
				<statBases>
						<MaxHitPoints>100</MaxHitPoints>
						<WorkToMake>120</WorkToMake>
						<Flammability>0.5</Flammability>
				</statBases>
				<building>
						<isEdifice>false</isEdifice>
				</building>
				<tickerType>Normal</tickerType>
				<description>Two pipes for moving air around. Connects North side with South, East side with West.		</description>
				<costList>
						<Steel>8</Steel>
				</costList>
				<drawPlaceWorkersWhileSelected>true</drawPlaceWorkersWhileSelected>
				<leaveResourcesWhenKilled>false</leaveResourcesWhenKilled>
				<neverMultiSelect>true</neverMultiSelect>
				<soundImpactDefault>BulletImpactMetal</soundImpactDefault>
				<terrainAffordanceNeeded>Light</terrainAffordanceNeeded>
				<designationCategory>Ductwork</designationCategory>
				<placeWorkers>
						<li>RedistHeat.PlaceWorkerDuctIntersection</li>
				</placeWorkers>
				<comps>
						<li>
								<compClass>RedistHeat.CompAirIntersection</compClass>
						</li>
				</comps>
		</ThingDef>
		<!-- Duct Components !-->
		<ThingDef Abstract="True" ParentName="BuildingBase" Name="DuctCompBase">
				<altitudeLayer>BuildingTall</altitudeLayer>
				<blockLight>true</blockLight>
				<building>
						<canPlaceOverWall>true</canPlaceOverWall>
				</building>
				<castEdgeShadows>true</castEdgeShadows>
				<drawPlaceWorkersWhileSelected>true</drawPlaceWorkersWhileSelected>
				<fillPercent>1</fillPercent>
				<holdsRoof>true</holdsRoof>
				<leaveResourcesWhenKilled>false</leaveResourcesWhenKilled>
				<passability>Impassable</passability>
				<size>(1,1)</size>
				<statBases>
						<MaxHitPoints>120</MaxHitPoints>
						<Flammability>1.0</Flammability>
				</statBases>
				<terrainAffordanceNeeded>Heavy</terrainAffordanceNeeded>
				<tickerType>Rare</tickerType>
		</ThingDef>

		<ThingDef ParentName="DuctCompBase">
				<defName>RedistHeat_DuctOutlet</defName>
				<label>duct opening</label>
				<description>Allows heat to be shared between remote areas. Does not require any power. Heat push rate: 0.1.		</description>
				<thingClass>RedistHeat.BuildingDuctComp</thingClass>
				<graphicData>
					<graphicClass>Graphic_Multi</graphicClass>
					<texPath>Things/Building/AirNet/DuctOutlet</texPath>
				</graphicData>
				<statBases>
						<WorkToMake>200</WorkToMake>
				</statBases>
				<costList>
						<Steel>50</Steel>
				</costList>
				<placeWorkers>
						<li>RedistHeat.PlaceWorkerDuctCompNorth</li>
				</placeWorkers>
				<building>
						<ignoreNeedsPower>true</ignoreNeedsPower>
				</building>
				<comps>
						<li>
								<compClass>RedistHeat.CompAirTrader</compClass>
								<energyPerSecond>0.1</energyPerSecond>
						</li>
				</comps>
		</ThingDef>
		<ThingDef ParentName="DuctCompBase">
				<defName>RedistHeat_SmartDuctOutlet</defName>
				<label>smart duct outlet</label>
				<description>Allows heat to be shared between remote areas. It can automatically open or close itself to control airflow. Heat push rate: 0.4.</description>
				<thingClass>RedistHeat.BuildingSmartDuctOutlet</thingClass>
				<graphicData>
					<texPath>Things/Building/AirNet/SmartDuctOutlet</texPath>
				<graphicClass>Graphic_Multi</graphicClass>
				</graphicData>
				<statBases>
						<WorkToMake>600</WorkToMake>
				</statBases>
				<costList>
						<Steel>75</Steel>
				</costList>
				<placeWorkers>
						<li>RedistHeat.PlaceWorkerDuctCompNorth</li>
				</placeWorkers>
				<comps>
						<li>
								<compClass>CompPowerTrader</compClass>
								<basePowerConsumption>20</basePowerConsumption>
								<shortCircuitInRain>false</shortCircuitInRain>
								<soundPowerOn>PowerOnSmall</soundPowerOn>
								<soundPowerOff>PowerOffSmall</soundPowerOff>
						</li>
						<li>
								<compClass>RedistHeat.CompAirTrader</compClass>
								<energyPerSecond>0.4</energyPerSecond>
						</li>
						<li>
								<compClass>CompTempControl</compClass>
						</li>
				</comps>
		</ThingDef>
		<ThingDef ParentName="DuctCompBase">
				<defName>RedistHeat_DuctIntake</defName>
				<label>duct intake</label>
				<thingClass>RedistHeat.BuildingDuctComp</thingClass>
				<graphicData>
					<graphicClass>Graphic_Multi</graphicClass>
					<texPath>Things/Building/AirNet/DuctIntake</texPath>
				</graphicData>
				<statBases>
						<WorkToMake>400</WorkToMake>
				</statBases>
				<description>Allows heat to be shared between remote areas. Heat push rate: 1.</description>
				<costList>
						<Steel>65</Steel>
				</costList>
				<placeWorkers>
						<li>RedistHeat.PlaceWorkerDuctCompNorth</li>
				</placeWorkers>
				<comps>
						<li>
								<compClass>CompPowerTrader</compClass>
								<basePowerConsumption>30</basePowerConsumption>
								<shortCircuitInRain>false</shortCircuitInRain>
								<soundPowerOn>PowerOnSmall</soundPowerOn>
								<soundPowerOff>PowerOffSmall</soundPowerOff>
						</li>
						<li>
								<compClass>RedistHeat.CompAirTrader</compClass>
								<energyPerSecond>1</energyPerSecond>
						</li>
				</comps>
		</ThingDef>
</Buildings>
