<?xml version="1.0" encoding="UTF-8"?>
<Buildings>
		<ThingDef Name="BuildingBase" Abstract="True">
				<category>Building</category>
				<soundImpactDefault>BulletImpactMetal</soundImpactDefault>
				<selectable>true</selectable>
				<drawerType>MapMeshAndRealTime</drawerType>
				<terrainAffordanceNeeded>Light</terrainAffordanceNeeded>
				<repairEffect>Repair</repairEffect>
				<leaveResourcesWhenKilled>true</leaveResourcesWhenKilled>
				<filthLeaving>BuildingRubble</filthLeaving>
		</ThingDef>
		<ThingDef ParentName="BuildingBase">
				<defName>RedisHeat_IndustrialHeater</defName>
				<label>industrial heater</label>
				<thingClass>RedistHeat.BuildingIndustrialHeater</thingClass>
				<graphicData>
					<texPath>Things/Building/SuperHeater</texPath>
					<graphicClass>Graphic_Single</graphicClass>
					<shadowInfo>
						<basewidth>1.8</basewidth>
						<baseHeight>1.8</baseHeight>
						<tallness>0.9</tallness>
					</shadowInfo>
					<drawSize>(2,2)</drawSize>
				</graphicData>
				<altitudeLayer>BuildingTall</altitudeLayer>
				<passability>PassThroughOnly</passability>
				<pathCost>40</pathCost>
				<castEdgeShadows>false</castEdgeShadows>
				<rotatable>false</rotatable>
				<fillPercent>0.5</fillPercent>
				<statBases>
						<WorkToMake>5000</WorkToMake>
						<MaxHitPoints>250</MaxHitPoints>
						<Flammability>1.0</Flammability>
						<Beauty>-20</Beauty>
				</statBases>
				<tickerType>Rare</tickerType>
				<description>A massive industrial heater, can efficiently heat large rooms and bases. It can automatically turn itself on or off to reach a specific target temperature.</description>
				<size>(2,2)</size>
				<costList>
						<Steel>270</Steel>
				</costList>
				<terrainAffordanceNeeded>Heavy</terrainAffordanceNeeded>
				<placeWorkers>
						<li>PlaceWorker_Heater</li>
				</placeWorkers>
				<drawPlaceWorkersWhileSelected>true</drawPlaceWorkersWhileSelected>
				<comps>
						<li>
								<compClass>CompPowerTrader</compClass>
								<soundPowerOn>PowerOnSmall</soundPowerOn>
								<soundPowerOff>PowerOffSmall</soundPowerOff>
								<basePowerConsumption>360</basePowerConsumption>
						</li>
						<li>
								<compClass>CompTempControl</compClass>
								<energyPerSecond>88</energyPerSecond>
						</li>
						<li>
								<compClass>CompGlower</compClass>
								<glowColor>(255,150,100,0)</glowColor>
								<glowRadius>6</glowRadius>
						</li>
				</comps>
				<designationCategory>Temperature</designationCategory>
				<ResearchPrerequisite>RedistHeat_TemperatureControl</ResearchPrerequisite>
		</ThingDef>
		<ThingDef ParentName="BuildingBase">
				<defName>RedistHeat_IndustrialCooler</defName>
				<label>industrial cooler</label>
				<thingClass>RedistHeat.BuildingIndustrialCooler</thingClass>
				<graphicData>
					<texPath>Things/Building/Cooler/IndustrialCooler</texPath>
					<graphicClass>Graphic_Multi</graphicClass>
					<drawSize>(2,2)</drawSize>
				</graphicData>
				<altitudeLayer>BuildingTall</altitudeLayer>
				<passability>Impassable</passability>
				<castEdgeShadows>true</castEdgeShadows>
				<fillPercent>1</fillPercent>
				<statBases>
						<WorkToMake>7000</WorkToMake>
						<MaxHitPoints>250</MaxHitPoints>
						<Flammability>1.0</Flammability>
						<Beauty>-30</Beauty>
				</statBases>
				<tickerType>Rare</tickerType>
				<description>A massive electrical device that pushes cold air into a room. It needs at least one extenal exhaust port.</description>
				<size>(2,2)</size>
				<costList>
						<Steel>150</Steel>
						<Silver>100</Silver>
				</costList>
				<terrainAffordanceNeeded>Heavy</terrainAffordanceNeeded>
				<placeWorkers>
						<li>RedistHeat.PlaceWorkerIndustrialCooler</li>
				</placeWorkers>
				<drawPlaceWorkersWhileSelected>true</drawPlaceWorkersWhileSelected>
				<building>
						<canPlaceOverWall>true</canPlaceOverWall>
				</building>
				<holdsRoof>true</holdsRoof>
				<blockLight>true</blockLight>
				<comps>
						<li>
								<compClass>CompPowerTrader</compClass>
								<soundPowerOn>PowerOnSmall</soundPowerOn>
								<soundAmbientPowered>GeothermalPlant_Ambience</soundAmbientPowered>
								<soundPowerOff>PowerOffSmall</soundPowerOff>
								<basePowerConsumption>400</basePowerConsumption>
								<transmitsPower>true</transmitsPower>
						</li>
						<li>
								<compClass>CompTempControl</compClass>
								<energyPerSecond>-35</energyPerSecond>
						</li>
				</comps>
				<designationCategory>Temperature</designationCategory>
				<ResearchPrerequisite>RedistHeat_TemperatureControl</ResearchPrerequisite>
		</ThingDef>
		<ThingDef ParentName="BuildingBase">
				<defName>RedistHeat_ExhaustPort</defName>
				<label>exhaust port</label>
				<thingClass>RedistHeat.BuildingExhaustPort</thingClass>
				<graphicData>
					<texPath>Things/Building/Cooler/ExhaustPort</texPath>
					<graphicClass>Graphic_Multi</graphicClass>
				</graphicData>
				<altitudeLayer>BuildingTall</altitudeLayer>
				<passability>Impassable</passability>
				<castEdgeShadows>true</castEdgeShadows>
				<fillPercent>1</fillPercent>
				<statBases>
						<WorkToMake>1000</WorkToMake>
						<MaxHitPoints>100</MaxHitPoints>
						<Flammability>1.0</Flammability>
						<Beauty>-10</Beauty>
				</statBases>
				<tickerType>Rare</tickerType>
				<description>An electrical device that works as a exhaust port for a industrial cooler. Generates a lot of heat.</description>
				<size>(1,1)</size>
				<costList>
						<Steel>80</Steel>
				</costList>
				<terrainAffordanceNeeded>Heavy</terrainAffordanceNeeded>
				<placeWorkers>
						<li>RedistHeat.PlaceWorkerExhaustPort</li>
				</placeWorkers>
				<drawPlaceWorkersWhileSelected>true</drawPlaceWorkersWhileSelected>
				<building>
						<canPlaceOverWall>true</canPlaceOverWall>
				</building>
				<holdsRoof>true</holdsRoof>
				<blockLight>true</blockLight>
				<comps>
						<li>
								<compClass>CompPowerTrader</compClass>
								<soundPowerOn>PowerOnSmall</soundPowerOn>
								<soundPowerOff>PowerOffSmall</soundPowerOff>
								<basePowerConsumption>100</basePowerConsumption>
								<transmitsPower>true</transmitsPower>
						</li>
				</comps>
				<designationCategory>Temperature</designationCategory>
				<ResearchPrerequisite>RedistHeat_TemperatureControl</ResearchPrerequisite>
		</ThingDef>
</Buildings>
