﻿<?xml version="1.0" encoding="utf-8" ?>
<JobDefs>

	<JobDef>
		<defName>UseCommsConsole</defName>
		<driverClass>Hospitality.JobDriver_UseCommsConsole</driverClass>
		<reportString>Using comms console.</reportString>
  </JobDef>

	<JobDef>
		<defName>GuestRecruit</defName>
		<driverClass>Hospitality.JobDriver_GuestRecruit</driverClass>
		<reportString>Trying to recruit guest TargetA.</reportString>
  </JobDef>

	<JobDef>
		<defName>GuestImproveRelationship</defName>
		<driverClass>Hospitality.JobDriver_GuestImproveRelationship</driverClass>
		<reportString>Trying to improve relationship with TargetA's faction.</reportString>
  </JobDef>

</JobDefs>