<?xml version="1.0" encoding="utf-8" ?>
<Buildings>
	<ThingDef Name="BuildingBase" Abstract="True">
		<category>Building</category>
		<soundImpactDefault>BulletImpactSteel</soundImpactDefault>
		<selectable>true</selectable>
		<rotatable>true</rotatable>
		<terrainAffordanceNeeded>Light</terrainAffordanceNeeded>
		<constructEffect>ConstructMetal</constructEffect>
		<repairEffect>Repair</repairEffect>
		<holdsRoof>false</holdsRoof>
		<blockLight>false</blockLight>
		<leaveResourcesWhenKilled>true</leaveResourcesWhenKilled>
		<filthLeaving>BuildingRubble</filthLeaving>
		<altitudeLayer>Waist</altitudeLayer>
        <passability>PassThroughOnly</passability>
		<drawerType>MapMeshAndRealTime</drawerType>
        <castEdgeShadows>true</castEdgeShadows>
        <fillPercent>1</fillPercent>
		<staticSunShadowHeight>0.34</staticSunShadowHeight>
		<tickerType>Normal</tickerType>
        <designationCategory>ConveyorBelts</designationCategory>
	</ThingDef>

	<ThingDef ParentName="BuildingBase">
		<defName>A2BBelt</defName>
		<label>conveyor belt</label>
        <thingClass>A2B.Building_ConveyorBelt</thingClass>
        <graphicData>
		<texPath>Things/Building/Belt</texPath>
        <graphicClass>A2B.AnimatedGraphic</graphicClass>
		</graphicData>
        <statBases>
            <WorkToMake>400</WorkToMake>
            <MaxHitPoints>150</MaxHitPoints>
            <Flammability>1.0</Flammability>
            <Beauty>0</Beauty>
        </statBases>
		<description>The basic unit of a conveyor belt.</description>
        <comps>
			<li>
				<compClass>CompPowerTrader</compClass>
				<basePowerConsumption>10</basePowerConsumption>
                <soundPowerOn>PowerOnSmall</soundPowerOn>
				<soundPowerOff>PowerOffSmall</soundPowerOff>
                <transmitsPower>true</transmitsPower>
			</li>
			<li>
				<compClass>CompGlower</compClass>
				<glowRadius>1</glowRadius>
				<glowColor>(255,200,0,0)</glowColor>
			</li>
			<li>
				<compClass>A2B.BeltComponent</compClass>
				<minTargetTemperature>-10.0</minTargetTemperature>
			</li>
		</comps>
        <size>(1,1)</size>
        <costList>
            <SteelBar>15</SteelBar>
		</costList>
		<designationHotkey>B</designationHotkey>
        <placingDraggableDimensions>1</placingDraggableDimensions>
        <researchPrerequisite><li>A2B</li></researchPrerequisite>
	</ThingDef>
    
    <ThingDef ParentName="BuildingBase">
		<defName>A2BCurve</defName>
		<label>curved belt</label>
        <thingClass>Building</thingClass>
		<graphicData>
		<texPath>Things/Building/Curve</texPath>
        <graphicClass>Graphic_Single</graphicClass>
		</graphicData>
        <statBases>
            <WorkToMake>400</WorkToMake>
            <MaxHitPoints>150</MaxHitPoints>
            <Flammability>1.0</Flammability>
            <Beauty>0</Beauty>
        </statBases>
        <description>The basic unit of a conveyor belt, only curved.</description>
		<comps>
			<li>
				<compClass>CompPowerTrader</compClass>
				<basePowerConsumption>10</basePowerConsumption>
                <soundPowerOn>PowerOnSmall</soundPowerOn>
				<soundPowerOff>PowerOffSmall</soundPowerOff>
                <transmitsPower>true</transmitsPower>
			</li>
			<li>
				<compClass>CompGlower</compClass>
				<glowRadius>1</glowRadius>
				<glowColor>(255,200,0,0)</glowColor>
			</li>
            <li>
				<compClass>A2B.BeltCurveComponent</compClass>
				<minTargetTemperature>-10.0</minTargetTemperature>
			</li>
		</comps>
		<size>(1,1)</size>
        <costList>
            <SteelBar>15</SteelBar>
		</costList>
		<designationHotkey>V</designationHotkey>
        <researchPrerequisite><li>A2B</li></researchPrerequisite>
    </ThingDef>
    
    <ThingDef ParentName="BuildingBase">
		<defName>A2BLoader</defName>
		<label>loader</label>
		<thingClass>Building_Storage</thingClass>
		<graphicData>
        <texPath>Things/Building/Loader</texPath>
        <graphicClass>Graphic_Single</graphicClass>
		</graphicData>
        <building>
			<fixedStorageSettings>
				<priority>Normal</priority>
				<filter>
					<categories>
						<li>Root</li>
					</categories>
				</filter>
			</fixedStorageSettings>
			<defaultStorageSettings>
				<priority>Normal</priority>
                <filter>
                    <categories>
						<li>Root</li>
                    </categories>
                </filter>
			</defaultStorageSettings>
		</building>
		<inspectorTabs>
			<li>ITab_Storage</li>
		</inspectorTabs>
        <statBases>
            <WorkToMake>400</WorkToMake>
            <MaxHitPoints>150</MaxHitPoints>
            <Flammability>1.0</Flammability>
            <Beauty>0</Beauty>
        </statBases>
        <description>Loads any item you want onto a belt.</description>
        <comps>
			<li>
				<compClass>CompPowerTrader</compClass>
				<basePowerConsumption>10</basePowerConsumption>
                <soundPowerOn>PowerOnSmall</soundPowerOn>
				<soundPowerOff>PowerOffSmall</soundPowerOff>
                <transmitsPower>true</transmitsPower>
			</li>
			<li>
				<compClass>CompGlower</compClass>
				<glowRadius>1</glowRadius>
				<glowColor>(255,200,0,0)</glowColor>
			</li>
			<li>
				<compClass>A2B.BeltLoaderComponent</compClass>
			</li>
		</comps>
        <costList>
            <SteelBar>15</SteelBar>
		</costList>
        <neverMultiSelect>true</neverMultiSelect> 
		<designationHotkey>L</designationHotkey>
        <surfaceType>Item</surfaceType>
		<researchPrerequisite>A2B</researchPrerequisite>
	</ThingDef>  
    
    <ThingDef ParentName="BuildingBase">
		<defName>A2BUnloader</defName>
		<label>unloader</label>
		<thingClass>Building</thingClass>
		<graphicData>
        <texPath>Things/Building/Unloader</texPath>
        <graphicClass>Graphic_Single</graphicClass>
		</graphicData>
        <statBases>
            <WorkToMake>400</WorkToMake>
            <MaxHitPoints>150</MaxHitPoints>
            <Flammability>1.0</Flammability>
            <Beauty>0</Beauty>
        </statBases>
        <description>Unload the content of a conveyor belt into a pile or onto a hopper.</description>
		<comps>
			<li>
				<compClass>CompPowerTrader</compClass>
				<basePowerConsumption>10</basePowerConsumption>
                <soundPowerOn>PowerOnSmall</soundPowerOn>
				<soundPowerOff>PowerOffSmall</soundPowerOff>
                <transmitsPower>true</transmitsPower>
			</li>
			<li>
				<compClass>CompGlower</compClass>
				<glowRadius>1</glowRadius>
				<glowColor>(255,200,0,0)</glowColor>
			</li>
			<li>
				<compClass>A2B.BeltUnloaderComponent</compClass>
			</li>
		</comps>
        <size>(1,1)</size>
        <costList>
            <SteelBar>15</SteelBar>
		</costList>
		<designationHotkey>U</designationHotkey>
		<researchPrerequisite><li>A2B</li></researchPrerequisite>
	</ThingDef>
    
    <ThingDef ParentName="BuildingBase">
		<defName>A2BSplitter</defName>
		<label>splitter</label>
        <thingClass>Building</thingClass>
		<graphicData>
        <texPath>Things/Building/Splitter</texPath>
        <graphicClass>Graphic_Single</graphicClass>
		</graphicData>
        <statBases>
            <WorkToMake>400</WorkToMake>
            <MaxHitPoints>150</MaxHitPoints>
            <Flammability>1.0</Flammability>
            <Beauty>0</Beauty>
        </statBases>
		<description>Sends items left, forward, and right in sequence.</description>
		<comps>
			<li>
				<compClass>CompPowerTrader</compClass>
				<basePowerConsumption>15</basePowerConsumption>
                <soundPowerOn>PowerOnSmall</soundPowerOn>
				<soundPowerOff>PowerOffSmall</soundPowerOff>
                <transmitsPower>true</transmitsPower>
			</li>
			<li>
				<compClass>CompGlower</compClass>
				<glowRadius>1</glowRadius>
				<glowColor>(255,200,0,0)</glowColor>
			</li>
			<li>
				<compClass>A2B.BeltSplitterComponent</compClass>
				<minTargetTemperature>-10.0</minTargetTemperature>
			</li>
		</comps>
        <size>(1,1)</size>
        <costList>
            <SteelBar>20</SteelBar>
		</costList>
		<designationHotkey>P</designationHotkey>
		<researchPrerequisite><li>A2B</li></researchPrerequisite>
	</ThingDef>
	
    <ThingDef ParentName="BuildingBase">
		<defName>A2BMerger</defName>
		<label>merger</label>
        <thingClass>Building</thingClass>
		<graphicData>
        <texPath>Things/Building/Merger</texPath>
        <graphicClass>Graphic_Single</graphicClass>
		</graphicData>
		<statBases>
            <WorkToMake>400</WorkToMake>
            <MaxHitPoints>150</MaxHitPoints>
            <Flammability>1.0</Flammability>
            <Beauty>0</Beauty>
        </statBases>
		<description>Merges up to three belts into one.</description>
		<comps>
			<li>
				<compClass>CompPowerTrader</compClass>
				<basePowerConsumption>15</basePowerConsumption>
                <soundPowerOn>PowerOnSmall</soundPowerOn>
				<soundPowerOff>PowerOffSmall</soundPowerOff>
                <transmitsPower>true</transmitsPower>
			</li>
			<li>
				<compClass>CompGlower</compClass>
				<glowRadius>1</glowRadius>
				<glowColor>(255,200,0,0)</glowColor>
			</li>
			<li>
				<compClass>A2B.BeltMergerComponent</compClass>
				<minTargetTemperature>-10.0</minTargetTemperature>
			</li>
		</comps>
        <size>(1,1)</size>
        <costList>
            <SteelBar>20</SteelBar>
		</costList>
		<designationHotkey>M</designationHotkey>
		<researchPrerequisite><li>A2B</li></researchPrerequisite>
	</ThingDef>
    
    <ThingDef ParentName="BuildingBase">
		<defName>A2BSelector</defName>
		<label>selector</label>
        <thingClass>Building_Storage</thingClass>
		<graphicData>
        <texPath>Things/Building/Selector</texPath>
        <graphicClass>Graphic_Single</graphicClass>
		</graphicData>
        <inspectorTabs>
			<li>ITab_Storage</li>
		</inspectorTabs>
        <statBases>
            <WorkToMake>550</WorkToMake>
            <MaxHitPoints>200</MaxHitPoints>
            <Flammability>1.0</Flammability>
            <Beauty>0</Beauty>
        </statBases>
		<description>Sort and redirect items.</description>
		<comps>
			<li>
				<compClass>CompPowerTrader</compClass>
				<basePowerConsumption>40</basePowerConsumption>
                <soundPowerOn>PowerOnSmall</soundPowerOn>
				<soundPowerOff>PowerOffSmall</soundPowerOff>
                <transmitsPower>true</transmitsPower>
			</li>
			<li>
				<compClass>CompGlower</compClass>
				<glowRadius>1</glowRadius>
				<glowColor>(255,200,0,0)</glowColor>
			</li>
			<li>
				<compClass>A2B.BeltSelectorComponent</compClass>
				<minTargetTemperature>-10.0</minTargetTemperature>
			</li>
		</comps>
        <size>(1,1)</size>
        <costList>
            <SteelBar>25</SteelBar>
		</costList>
		<designationHotkey>P</designationHotkey>
		<researchPrerequisite><li>A2B2</li></researchPrerequisite>
	</ThingDef>
    
    <ThingDef ParentName="BuildingBase">
		<defName>A2BTeleporter</defName>
		<label>teleporter</label>
        <thingClass>A2B.Building_Teleporter</thingClass>
		<graphicData>
        <texPath>Things/Building/Teleporter</texPath>
        <graphicClass>A2B.AnimatedGraphic</graphicClass>
		</graphicData>
        <statBases>
            <WorkToMake>1000</WorkToMake>
            <MaxHitPoints>300</MaxHitPoints>
            <Flammability>1.0</Flammability>
            <Beauty>0</Beauty>
        </statBases>
		<description>Teleports items in a straight line. Requires a receiver to function!</description>
		<comps>
			<li>
				<compClass>CompPowerTrader</compClass>
				<basePowerConsumption>15</basePowerConsumption>
                <soundPowerOn>PowerOnSmall</soundPowerOn>
				<soundPowerOff>PowerOffSmall</soundPowerOff>
                <transmitsPower>true</transmitsPower>
                <startElectricalFires>true</startElectricalFires> 
			</li>
			<li>
				<compClass>CompGlower</compClass>
				<glowRadius>3</glowRadius>
				<glowColor>(255,58,0,0)</glowColor>
			</li>
			<li>
				<compClass>A2B.BeltTeleporterComponent</compClass>
				<heatPushMaxTemperature>0.45</heatPushMaxTemperature>
			</li>
		</comps>
        <size>(2,2)</size>
        <costList>
            <SteelBar>50</SteelBar>
			<Vancidium>10</Vancidium>
		</costList>
		<designationHotkey>T</designationHotkey>
        <researchPrerequisite><li>A2B2</li></researchPrerequisite>
	</ThingDef>
    
    <ThingDef ParentName="BuildingBase">
		<defName>A2BReceiver</defName>
		<label>receiver</label>
        <thingClass>Building</thingClass>
		<graphicData>
        <texPath>Things/Building/Receiver</texPath>
        <graphicClass>Graphic_Single</graphicClass>
		</graphicData>
        <statBases>
            <WorkToMake>800</WorkToMake>
            <MaxHitPoints>300</MaxHitPoints>
            <Flammability>1.0</Flammability>
            <Beauty>0</Beauty>
        </statBases>
		<description>Receives items from a teleporter. Needs to be built with identical orientation!</description>
		<comps>
			<li>
				<compClass>CompPowerTrader</compClass>
				<basePowerConsumption>20</basePowerConsumption>
                <soundPowerOn>PowerOnSmall</soundPowerOn>
				<soundPowerOff>PowerOffSmall</soundPowerOff>
                <transmitsPower>true</transmitsPower>
                <startElectricalFires>true</startElectricalFires>
			</li>
			<li>
				<compClass>CompGlower</compClass>
				<glowRadius>2</glowRadius>
				<glowColor>(0,230,0,0)</glowColor>
			</li>
			<li>
				<compClass>A2B.BeltTeleporterComponent</compClass>
			</li>
		</comps>
        <size>(2,1)</size>
		<costList>
            <SteelBar>40</SteelBar>
		</costList>
		<designationHotkey>R</designationHotkey>
		<researchPrerequisite><li>A2B2</li></researchPrerequisite>
	</ThingDef>
    
    <ThingDef ParentName="BuildingBase">
		<defName>A2BUndercover</defName>
		<label>undercover</label>
        <thingClass>Building</thingClass>
        <category>Building</category>
        <building>
            <isInert>true</isInert>
            <isEdifice>false</isEdifice>
        </building>
        <fillPercent>0</fillPercent>
		<graphicData>
        <texPath>Things/Building/Undercover</texPath>
        <graphicClass>Graphic_Single</graphicClass>
		</graphicData>
        <statBases>
            <WorkToMake>800</WorkToMake>
            <MaxHitPoints>300</MaxHitPoints>
            <Flammability>0.2</Flammability>
            <Beauty>0</Beauty>
        </statBases>
        <pathCost>1</pathCost>
		<description>An underground belt.</description>
        <altitudeLayer>FloorEmplacement</altitudeLayer>
        <passability>Standable</passability>
        <rotatable>false</rotatable>
        <terrainAffordanceNeeded>Light</terrainAffordanceNeeded>
        <constructEffect>ConstructMetal</constructEffect>
        <comps>
			<li>
				<compClass>A2B.BeltUndercoverComponent</compClass>
				<minTargetTemperature>-10.0</minTargetTemperature>
			</li>
		</comps>
        <size>(1,1)</size>
        <costList>
            <SteelBar>40</SteelBar>
		</costList>
        <placingDraggableDimensions>1</placingDraggableDimensions>
        <researchPrerequisite><li>A2B2</li></researchPrerequisite>
	</ThingDef>
    
    <ThingDef ParentName="BuildingBase">
		<defName>A2BUndertaker</defName>
		<label>undertaker</label>
        <thingClass>Building</thingClass>
		<graphicData>
		        <texPath>Things/Building/Undertaker</texPath>
		        <graphicClass>Graphic_Single</graphicClass>
		</graphicData>
        <altitudeLayer>Projectile</altitudeLayer>
        <statBases>
            <WorkToMake>800</WorkToMake>
            <MaxHitPoints>300</MaxHitPoints>
            <Flammability>1.0</Flammability>
            <Beauty>0</Beauty>
        </statBases>
		<description>Connects above and below-ground belts.</description>
		<comps>
			<li>
				<compClass>CompPowerTrader</compClass>
				<basePowerConsumption>50</basePowerConsumption>
                <soundPowerOn>PowerOnSmall</soundPowerOn>
				<soundPowerOff>PowerOffSmall</soundPowerOff>
                <transmitsPower>true</transmitsPower>
			</li>
			<li>
				<compClass>CompGlower</compClass>
				<glowRadius>3</glowRadius>
				<glowColor>(255,58,0,0)</glowColor>
			</li>
			<li>
				<compClass>A2B.BeltUndertakerComponent</compClass>
			</li>
		</comps>
        <size>(1,1)</size>
        <costList>
            <SteelBar>50</SteelBar>
		</costList>
        <researchPrerequisite><li>A2B2</li></researchPrerequisite>
	</ThingDef>
    
    <ThingDef ParentName="BuildingBase">
		<defName>A2BSlide</defName>
		<label>undertaker</label>
        <thingClass>Building</thingClass>
		<graphicData>
		        <texPath>Things/Building/Undertaker</texPath>
		        <graphicClass>Graphic_Single</graphicClass>
		</graphicData>
        <altitudeLayer>Projectile</altitudeLayer>
        <statBases>
            <WorkToMake>800</WorkToMake>
            <MaxHitPoints>300</MaxHitPoints>
            <Flammability>1.0</Flammability>
            <Beauty>0</Beauty>
        </statBases>
		<description>Connects above and below-ground belts.</description>
		<comps>
			<li>
				<compClass>A2B.BeltUndertakerComponent</compClass>
			</li>
		</comps>
        <size>(1,1)</size>
        <costList>
            <SteelBar>50</SteelBar>
		</costList>
        <researchPrerequisite><li>A2B2</li></researchPrerequisite>
        <designationCategory>None</designationCategory>
	</ThingDef>
	
</Buildings>
