﻿<?xml version="1.0" encoding="utf-8" ?>
<Defs>
	<!-- Added body parts -->

	<HediffDef Name="AddedBodyPartBase" Abstract="True">
		<hediffClass>Hediff_AddedPart</hediffClass>
		<naturallyHealed>false</naturallyHealed>
		<defaultLabelColor>(0.5, 0.5, 0.9)</defaultLabelColor>
	</HediffDef>
	
	<!-- Artificial body parts - simple -->

	<HediffDef ParentName="AddedBodyPartBase">
	<defaultLabelColor>(220,150,30)</defaultLabelColor>
		<defName>PegLeg</defName>
		<label>peg leg</label>
		<addedPartProps>
			<isSolid>true</isSolid>
			<partEfficiency>0.5</partEfficiency>
		</addedPartProps>
	</HediffDef>

	<HediffDef ParentName="AddedBodyPartBase">
	<defaultLabelColor>(220,150,30)</defaultLabelColor>
		<defName>Denture</defName>
		<label>wood denture</label>
		<addedPartProps>
			<isSolid>true</isSolid>
			<partEfficiency>0.5</partEfficiency>
		</addedPartProps>
	</HediffDef>
  
	<HediffDef ParentName="AddedBodyPartBase">
	<defaultLabelColor>(70,220,30)</defaultLabelColor>
		<defName>SimpleProstheticArm</defName>
		<label>simple prosthetic arm</label>
		<addedPartProps>
			<isSolid>true</isSolid>
			<partEfficiency>0.75</partEfficiency>
			<spawnThingOnRemoved>SimpleProstheticArm</spawnThingOnRemoved>
		</addedPartProps>
	</HediffDef>

	<HediffDef ParentName="AddedBodyPartBase">
	<defaultLabelColor>(70,220,30)</defaultLabelColor>
		<defName>SimpleProstheticLeg</defName>
		<label>simple prosthetic leg</label>
		<addedPartProps>
			<isSolid>true</isSolid>
			<partEfficiency>0.75</partEfficiency>
			<spawnThingOnRemoved>SimpleProstheticLeg</spawnThingOnRemoved>
		</addedPartProps>
	</HediffDef>
	
	<HediffDef ParentName="AddedBodyPartBase">
	<defaultLabelColor>(70,220,30)</defaultLabelColor>
		<defName>SteelDenture</defName>
		<label>steel denture</label>
		<addedPartProps>
			<isSolid>true</isSolid>
			<partEfficiency>0.75</partEfficiency>
		</addedPartProps>
	</HediffDef>
	
	<!-- Artificial body parts - advanced -->
	
	<HediffDef ParentName="AddedBodyPartBase">
		<defName>AdvancedProstheticArm</defName>
		<defaultLabelColor>(30,160,220)</defaultLabelColor>
		<label>advanced prosthetic arm</label>
		<addedPartProps>
			<isSolid>true</isSolid>
			<partEfficiency>1.0</partEfficiency>
			<spawnThingOnRemoved>AdvancedProstheticArm</spawnThingOnRemoved>
		</addedPartProps>
	</HediffDef>
	
	<HediffDef ParentName="AddedBodyPartBase">
		<defName>AdvancedProstheticLeg</defName>
		<defaultLabelColor>(30,160,220)</defaultLabelColor>
		<label>advanced prosthetic leg</label>
		<addedPartProps>
			<isSolid>true</isSolid>
			<partEfficiency>1.0</partEfficiency>
			<spawnThingOnRemoved>AdvancedProstheticLeg</spawnThingOnRemoved>
		</addedPartProps>
	</HediffDef>
	
	<HediffDef ParentName="AddedBodyPartBase">
		<defName>PlasteelDenture</defName>
		<defaultLabelColor>(30,160,220)</defaultLabelColor>
		<label>plasteel denture</label>
		<addedPartProps>
			<isSolid>true</isSolid>
			<partEfficiency>1.0</partEfficiency>
			<spawnThingOnRemoved>PlasteelDenture</spawnThingOnRemoved>
		</addedPartProps>
	</HediffDef>
	
	<!-- Artificial body parts - weapons -->
	
	<HediffDef ParentName="AddedBodyPartBase">
	<defaultLabelColor>(220,30,30)</defaultLabelColor>
		<defName>PowerClaw</defName>
		<label>power claw</label>
		<comps>
			<li>
				<compClass>HediffComp_VerbGiver</compClass>
				<verbs>
					<li>
						<verbClass>Verb_MeleeAttack</verbClass>
						<defaultCooldownTicks>60</defaultCooldownTicks>
						<meleeDamageBaseAmount>15</meleeDamageBaseAmount>
						<meleeDamageDef>Scratch</meleeDamageDef>
					</li>
				</verbs>
			</li>
		</comps>
		<addedPartProps>
			<isBionic>true</isBionic>
			<isSolid>true</isSolid>
			<partEfficiency>0.9</partEfficiency>
			<spawnThingOnRemoved>PowerClaw</spawnThingOnRemoved>
		</addedPartProps>
	</HediffDef>

	<HediffDef ParentName="AddedBodyPartBase">
	<defaultLabelColor>(220,30,30)</defaultLabelColor>
		<defName>ScytherBlade</defName>
		<label>scyther blade</label>
		<comps>
			<li>
				<compClass>HediffComp_VerbGiver</compClass>
				<verbs>
					<li>
						<verbClass>Verb_MeleeAttack</verbClass>
						<defaultCooldownTicks>60</defaultCooldownTicks>
						<meleeDamageBaseAmount>30</meleeDamageBaseAmount>
						<meleeDamageDef>Cut</meleeDamageDef>
					</li>
				</verbs>
			</li>
		</comps>
		<addedPartProps>
			<isBionic>true</isBionic>
			<isSolid>true</isSolid>
			<partEfficiency>0.9</partEfficiency>
			<spawnThingOnRemoved>ScytherBlade</spawnThingOnRemoved>
		</addedPartProps>
	</HediffDef>
  
	<!-- Artificial body parts - bionics -->

	<HediffDef ParentName="AddedBodyPartBase">
	<defaultLabelColor>(220,30,220)</defaultLabelColor>
		<defName>BionicEye</defName>
		<label>bionic eye</label>
		<addedPartProps>
			<isBionic>true</isBionic>
			<isSolid>true</isSolid>
			<partEfficiency>1.0</partEfficiency>
			<spawnThingOnRemoved>BionicEye</spawnThingOnRemoved>
		</addedPartProps>
		<modifiers>
			<capMods>
				<li>
					<capacity>Sight</capacity>
					<offset>0.2</offset>
				</li>
			</capMods>
		</modifiers>
	</HediffDef>
	
	<HediffDef ParentName="AddedBodyPartBase">
	<defaultLabelColor>(220,30,220)</defaultLabelColor>
		<defName>BionicEar</defName>
		<label>bionic ear</label>
		<addedPartProps>
			<isBionic>true</isBionic>
			<isSolid>true</isSolid>
			<partEfficiency>1.0</partEfficiency>
			<spawnThingOnRemoved>BionicEar</spawnThingOnRemoved>
		</addedPartProps>
		<modifiers>
			<capMods>
				<li>
					<capacity>Hearing</capacity>
					<offset>0.2</offset>
				</li>
			</capMods>
		</modifiers>
	</HediffDef>

	<HediffDef ParentName="AddedBodyPartBase">
	<defaultLabelColor>(220,30,220)</defaultLabelColor>
		<defName>BionicArm</defName>
		<label>bionic arm</label>
		<comps>
			<li>
				<compClass>HediffComp_VerbGiver</compClass>
				<verbs>
					<li>
						<verbClass>Verb_MeleeAttack</verbClass>
						<defaultCooldownTicks>100</defaultCooldownTicks>
						<meleeDamageBaseAmount>9</meleeDamageBaseAmount>
						<meleeDamageDef>Blunt</meleeDamageDef>
					</li>
				</verbs>
			</li>
		</comps>
		<addedPartProps>
			<isBionic>true</isBionic>
			<isSolid>true</isSolid>
			<partEfficiency>1.0</partEfficiency>
			<spawnThingOnRemoved>BionicArm</spawnThingOnRemoved>
		</addedPartProps>
		<modifiers>
			<capMods>
				<li>
					<capacity>Manipulation</capacity>
					<offset>0.2</offset>
				</li>
			</capMods>
		</modifiers>
	</HediffDef>

	<HediffDef ParentName="AddedBodyPartBase">
	<defaultLabelColor>(220,30,220)</defaultLabelColor>
		<defName>BionicLeg</defName>
		<label>bionic leg</label>
		<addedPartProps>
			<isBionic>true</isBionic>
			<isSolid>true</isSolid>
			<partEfficiency>1.0</partEfficiency>
			<spawnThingOnRemoved>BionicLeg</spawnThingOnRemoved>
		</addedPartProps>
		<modifiers>
			<capMods>
				<li>
					<capacity>Moving</capacity>
					<offset>0.2</offset>
				</li>
			</capMods>
		</modifiers>
	</HediffDef>
	
	<HediffDef ParentName="AddedBodyPartBase">
	<defaultLabelColor>(220,30,220)</defaultLabelColor>
		<defName>BionicSpine</defName>
		<label>bionic spine</label>
		<addedPartProps>
			<isBionic>true</isBionic>
			<isSolid>true</isSolid>
			<partEfficiency>1.0</partEfficiency>
			<spawnThingOnRemoved>BionicSpine</spawnThingOnRemoved>
		</addedPartProps>
		<modifiers>
			<capMods>
				<li>
					<capacity>Manipulation</capacity>
					<offset>0.1</offset>
				</li>
				<li>
					<capacity>Moving</capacity>
					<offset>0.1</offset>
				</li>
			</capMods>
		</modifiers>
	</HediffDef>
	
	<HediffDef ParentName="AddedBodyPartBase">
	<defaultLabelColor>(220,30,220)</defaultLabelColor>
		<defName>BionicBrain</defName>
		<label>positronic brain implant</label>
		<addedPartProps>
			<isBionic>true</isBionic>
			<isSolid>true</isSolid>
			<partEfficiency>1.2</partEfficiency>
			<spawnThingOnRemoved>BionicBrain</spawnThingOnRemoved>
		</addedPartProps>
	</HediffDef>

</Defs>