﻿<?xml version="1.0" encoding="utf-8" ?>
<ResearchProjectDefs>

  <ResearchProjectDef>
    <defName>ShipBasics</defName>
    <label>shipbuilding basics</label>
    <description>Allows you to start researching more advanced shipbuilding technologies and eventually build a ship to escape the planet.</description>
    <totalCost>300</totalCost>
    <prerequisites>
      <li>ConstructionIV</li>
    </prerequisites>
  </ResearchProjectDef>

  <ResearchProjectDef>
    <defName>ShipCryptosleep</defName>
    <label>ship cryptosleep caskets</label>
    <description>Allows you to construct ship cryptosleep caskets for transporting cryptosleeping colonists between the stars.</description>
    <totalCost>800</totalCost>
    <prerequisites>
      <li>ShipBasics</li>
    </prerequisites>
  </ResearchProjectDef>

  <ResearchProjectDef>
    <defName>ShipReactor</defName>
    <label>ship antimatter reactor</label>
    <description>Allows you to use an antimatter containment core to build a working antimatter reactor to power a ship.</description>
    <totalCost>1900</totalCost>
    <prerequisites>
      <li>ShipBasics</li>
    </prerequisites>
  </ResearchProjectDef>

  <ResearchProjectDef>
    <defName>ShipEngine</defName>
    <label>ship antimatter propulsion</label>
    <description>Allows you to use an antimatter containment core to construct an antimatter drive for a ship.</description>
    <totalCost>2000</totalCost>
    <prerequisites>
      <li>ShipBasics</li>
    </prerequisites>
  </ResearchProjectDef>

  <ResearchProjectDef>
    <defName>ShipComputerCore</defName>
    <label>ship computer core</label>
    <description>Allows coercing an existing AI persona into a usable AI computer core for ship guidance.</description>
    <totalCost>1200</totalCost>
    <prerequisites>
      <li>ShipBasics</li>
    </prerequisites>
  </ResearchProjectDef>

  
  
</ResearchProjectDefs>