﻿<?xml version="1.0" encoding="utf-8" ?>
<ThoughtDefs>


	<ThoughtDef>
		<defName>AteRawFood</defName>
		<duration>20000</duration>
		<stackLimit>3</stackLimit>
		<stages>
			<li>
				<label>ate raw food</label>
				<description>I had to eat raw food. Can't we cook it, or at least synthesize some nutrient paste?</description>
				<baseMoodEffect>-8</baseMoodEffect>
			</li>
		</stages>
	</ThoughtDef>


	<ThoughtDef>
		<defName>AteNutrientPasteMeal</defName>
		<duration>20000</duration>
		<stackLimit>3</stackLimit>
		<stages>
			<li>
				<label>ate nutrient paste</label>
				<description>I had to eat nutrient paste. I know it keeps you alive, but nobody wants to swallow that glop.</description>
				<baseMoodEffect>-4</baseMoodEffect>
			</li>
		</stages>
	</ThoughtDef>
  
  
	<ThoughtDef>
		<defName>AteReplicatedMeal</defName>
		<duration>20000</duration>
		<stackLimit>1</stackLimit>
		<stages>
			<li>
				<label>ate replicated meal</label>
				<description>I ate a replicated meal. It wasn't fancy, but it was filling!</description>
				<baseMoodEffect>5</baseMoodEffect>
			</li>
		</stages>
	</ThoughtDef>
  
  
	<ThoughtDef>
		<defName>AteSimpleMeal</defName>
		<duration>20000</duration>
		<stackLimit>1</stackLimit>
		<stages>
			<li>
				<label>ate simple meal</label>
				<description>I ate a simple meal.  It wasn't fancy, but it was filling!</description>
				<baseMoodEffect>5</baseMoodEffect>
			</li>
		</stages>
	</ThoughtDef>


	<ThoughtDef>
		<defName>AteFineMeal</defName>
		<duration>20000</duration>
		<stackLimit>1</stackLimit>
		<stages>
			<li>
				<label>ate fine meal</label>
				<description>I ate a really tasty fine meal. Yum!</description>
				<baseMoodEffect>10</baseMoodEffect>
			</li>
		</stages>
	</ThoughtDef>


	<ThoughtDef>
		<defName>AteLavishMeal</defName>
		<duration>20000</duration>
		<stackLimit>1</stackLimit>
		<stages>
			<li>
				<label>ate lavish meal</label>
				<description>That lavish meal was amazing. It nourished my body and my soul.</description>
				<baseMoodEffect>15</baseMoodEffect>
			</li>
		</stages>
	</ThoughtDef>


</ThoughtDefs>