﻿<?xml version="1.0" encoding="utf-8"?>
<DefPackage-TraderKindDef>

	<!--========================= Bulk Goods Trader =============================-->

	<TraderKindDef>
		<defName>BulkGoodsTrader</defName>
		<label>bulk resources trader</label>
		<stockGenerators>
			<li Class="StockGenerator_SingleDef">
				<thingDef>Silver</thingDef>
				<countRange>
					<min>2400</min>
					<max>3000</max>
				</countRange>
			</li>
			<li Class="StockGenerator_Category">
				<categoryDef>MeatRaw</categoryDef>
				<thingDefCountRange>
					<min>2</min>
					<max>4</max>
				</thingDefCountRange>
				<price>Cheap</price>
				<totalPriceRange>
					<min>1500</min>
					<max>3000</max>
				</totalPriceRange>
			</li>
			<li Class="StockGenerator_Category">
				<categoryDef>PlantFoodRaw</categoryDef>
				<thingDefCountRange>
					<min>2</min>
					<max>4</max>
				</thingDefCountRange>
				<price>Cheap</price>
				<totalPriceRange>
					<min>1500</min>
					<max>3000</max>
				</totalPriceRange>
			</li>
			<li Class="StockGenerator_SingleDef">
				<thingDef>RawHops</thingDef>
				<price>Cheap</price>
				<countRange>
					<min>800</min>
					<max>1500</max>
				</countRange>
			</li>
			<li Class="StockGenerator_SingleDef">
				<thingDef>RawCotton</thingDef>
				<price>Cheap</price>
				<countRange>
					<min>300</min>
					<max>600</max>
				</countRange>
			</li>
			<li Class="StockGenerator_SingleDef">
				<thingDef>RawDevilstrand</thingDef>
				<price>Cheap</price>
				<countRange>
					<min>150</min>
					<max>300</max>
				</countRange>
			</li>
			<li Class="StockGenerator_SingleDef">
				<thingDef>WoodLog</thingDef>
				<price>Cheap</price>
				<countRange>
					<min>800</min>
					<max>1500</max>
				</countRange>
			</li>
			<li Class="StockGenerator_SingleDef">
				<thingDef>Steel</thingDef>
				<price>Cheap</price>
				<countRange>
					<min>800</min>
					<max>1500</max>
				</countRange>
			</li>
			<li Class="StockGenerator_SingleDef">
				<thingDef>Plasteel</thingDef>
				<price>Cheap</price>
				<countRange>
					<min>400</min>
					<max>750</max>
				</countRange>
			</li>
			<li Class="StockGenerator_Category">
				<categoryDef>FoodMeals</categoryDef>
				<thingDefCountRange>
					<min>1</min>
					<max>2</max>
				</thingDefCountRange>
				<price>Cheap</price>
				<totalPriceRange>
					<min>500</min>
					<max>1500</max>
				</totalPriceRange>
			</li>	  
			<li Class="StockGenerator_SingleDef">
				<thingDef>Medicine</thingDef>
				<price>Expensive</price>
				<countRange>
					<min>10</min>
					<max>30</max>
				</countRange>
			</li>
		</stockGenerators>
	</TraderKindDef>
	
	<!--========================= Manufactured Goods Trader =============================-->

	<TraderKindDef>
		<defName>ManufacturedGoodsTrader</defName>
		<label>manufactured resources trader</label>
		<stockGenerators>
			<li Class="StockGenerator_SingleDef">
				<thingDef>Silver</thingDef>
				<countRange>
					<min>2400</min>
					<max>3000</max>
				</countRange>
			</li>
			<li Class="StockGenerator_SingleDef">
				<thingDef>WoodPlank</thingDef>
				<price>Cheap</price>
				<countRange>
					<min>800</min>
					<max>1500</max>
				</countRange>
			</li>
			<li Class="StockGenerator_SingleDef">
				<thingDef>SteelBar</thingDef>
				<price>Cheap</price>
				<countRange>
					<min>800</min>
					<max>1500</max>
				</countRange>
			</li>
			<li Class="StockGenerator_SingleDef">
				<thingDef>PlasteelBar</thingDef>
				<price>Cheap</price>
				<countRange>
					<min>800</min>
					<max>1500</max>
				</countRange>
			</li>
			<li Class="StockGenerator_SingleDef">
				<thingDef>Mulch</thingDef>
				<price>Cheap</price>
				<countRange>
					<min>800</min>
					<max>1500</max>
				</countRange>
			</li>
			<li Class="StockGenerator_SingleDef">
				<thingDef>Sand</thingDef>
				<price>Cheap</price>
				<countRange>
					<min>800</min>
					<max>1500</max>
				</countRange>
			</li>
			<li Class="StockGenerator_Category">
				<categoryDef>StoneBlocks</categoryDef>
				<thingDefCountRange>
					<min>3</min>
					<max>6</max>
				</thingDefCountRange>
				<price>Cheap</price>
				<totalPriceRange>
					<min>1500</min>
					<max>3000</max>
				</totalPriceRange>
			</li>
			<li Class="StockGenerator_Category">
				<categoryDef>Leathers</categoryDef>
				<thingDefCountRange>
					<min>3</min>
					<max>6</max>
				</thingDefCountRange>
				<price>Cheap</price>
				<totalPriceRange>
					<min>1500</min>
					<max>3000</max>
				</totalPriceRange>
			</li>
			<li Class="StockGenerator_Category">
				<categoryDef>Textiles</categoryDef>
				<thingDefCountRange>
					<min>1</min>
					<max>3</max>
				</thingDefCountRange>
				<price>Cheap</price>
				<totalPriceRange>
					<min>1500</min>
					<max>3000</max>
				</totalPriceRange>
			</li>
			<li Class="StockGenerator_SingleDef">
				<thingDef>MealSurvivalPack</thingDef>
				<price>Expensive</price>
				<countRange>
					<min>10</min>
					<max>30</max>
				</countRange>
			</li>
			<li Class="StockGenerator_SingleDef">
				<thingDef>Medicine</thingDef>
				<price>Expensive</price>
				<countRange>
					<min>10</min>
					<max>30</max>
				</countRange>
			</li>
		</stockGenerators>
	</TraderKindDef>
	
	<!--========================= Manufactured Goods Trader =============================-->

	<TraderKindDef>
		<defName>CraftedGoodsTrader</defName>
		<label>crafted goods trader</label>
		<stockGenerators>
			<li Class="StockGenerator_SingleDef">
				<thingDef>Silver</thingDef>
				<countRange>
					<min>2400</min>
					<max>3000</max>
				</countRange>
			</li>
			<li Class="StockGenerator_SingleDef">
				<thingDef>Glass</thingDef>
				<price>Cheap</price>
				<countRange>
					<min>800</min>
					<max>1500</max>
				</countRange>
			</li>
			<li Class="StockGenerator_SingleDef">
				<thingDef>EthanolFuel</thingDef>
				<price>Cheap</price>
				<countRange>
					<min>800</min>
					<max>1500</max>
				</countRange>
			</li>
			<li Class="StockGenerator_SingleDef">
				<thingDef>Electronics</thingDef>
				<price>Cheap</price>
				<countRange>
					<min>800</min>
					<max>1500</max>
				</countRange>
			</li>
			<li Class="StockGenerator_SingleDef">
				<thingDef>Beer</thingDef>
				<totalPriceRange>
					<min>-700</min>
					<max>2000</max>
				</totalPriceRange>
			</li>
			<li Class="StockGenerator_SingleDef">
				<thingDef>Chocolate</thingDef>
				<totalPriceRange>
					<min>-700</min>
					<max>2000</max>
				</totalPriceRange>
			</li>
			<li Class="StockGenerator_SingleDef">
				<thingDef>Telescope</thingDef>
				<countRange>
					<min>-5</min>
					<max>20</max>
				</countRange>
			</li>
			<li Class="StockGenerator_SingleDef">
				<thingDef>Television</thingDef>
				<countRange>
					<min>-5</min>
					<max>20</max>
				</countRange>
			</li>
			<li Class="StockGenerator_SingleDef">
				<thingDef>MealSurvivalPack</thingDef>
				<price>Expensive</price>
				<countRange>
					<min>10</min>
					<max>30</max>
				</countRange>
			</li>
			<li Class="StockGenerator_SingleDef">
				<thingDef>Medicine</thingDef>
				<price>Expensive</price>
				<countRange>
					<min>10</min>
					<max>30</max>
				</countRange>
			</li>
		</stockGenerators>
	</TraderKindDef>
	
	<!--========================= Combat Supplier =============================-->

	<TraderKindDef>
		<defName>CombatSupplier</defName>
		<label>combat supplier</label>
		<stockGenerators>
			<li Class="StockGenerator_SingleDef">
				<thingDef>Silver</thingDef>
				<countRange>
					<min>2400</min>
					<max>3000</max>
				</countRange>
			</li>
			<li Class="StockGenerator_WeaponsRanged">
				<countRange>
					<min>4</min>
					<max>8</max>
				</countRange>
			</li>  
			<li Class="StockGenerator_Category">
				<categoryDef>WeaponsMelee</categoryDef>
				<thingDefCountRange>
					<min>3</min>
					<max>5</max>
				</thingDefCountRange>
				<totalPriceRange>
					<min>800</min>
					<max>2500</max>
				</totalPriceRange>
			</li>			
			<li Class="StockGenerator_Armor">
				<countRange>
					<min>1</min>
					<max>2</max>
				</countRange>
			</li>
			<li Class="StockGenerator_SingleDef">
				<thingDef>Medicine</thingDef>
				<countRange>
					<min>30</min>
					<max>50</max>
				</countRange>
			</li>
			<li Class="StockGenerator_SingleDef">
				<thingDef>ArtilleryShell</thingDef>
				<price>Cheap</price>
				<countRange>
					<min>30</min>
					<max>60</max>
				</countRange>
			</li>
		</stockGenerators>
	</TraderKindDef>
	
	<!--========================= Exotic Goods Trader =============================-->

	<TraderKindDef>
		<defName>ExoticTrader</defName>
		<label>exotic goods trader</label>
		<stockGenerators>
			<li Class="StockGenerator_SingleDef">
			<thingDef>Silver</thingDef>
			<countRange>
				<min>8000</min>
				<max>10000</max>
			</countRange>
			</li>
			<li Class="StockGenerator_SingleDef">
				<thingDef>Gold</thingDef>
				<countRange>
					<min>100</min>
					<max>2000</max>
				</countRange>
			</li>
			<li Class="StockGenerator_SingleDef">
				<thingDef>AIPersonaCore</thingDef>
				<countRange>
					<min>1</min>
					<max>3</max>
				</countRange>
			</li>
			<li Class="StockGenerator_SingleDef">
				<thingDef>Uranium</thingDef>
				<countRange>
					<min>300</min>
					<max>900</max>
				</countRange>
			</li>
			<li Class="StockGenerator_SingleDef">
				<thingDef>Biomatter</thingDef>
				<countRange>
					<min>150</min>
					<max>300</max>
				</countRange>
			</li>
			<li Class="StockGenerator_SingleDef">
				<thingDef>GlitterworldMedicine</thingDef>
				<countRange>
					<min>-30</min>
					<max>20</max>
				</countRange>
			</li>
			<li Class="StockGenerator_Tag">
				<tradeTag>BodyPart</tradeTag>
				<thingDefCountRange>
					<min>2</min>
					<max>5</max>
				</thingDefCountRange>
				<countRange>
					<min>1</min>
					<max>1</max>
				</countRange>
			</li>
			<li Class="StockGenerator_Category">
				<categoryDef>Apparel</categoryDef>
				<thingDefCountRange>
					<min>3</min>
					<max>6</max>
				</thingDefCountRange>
				<totalPriceRange>
					<min>1500</min>
					<max>10000</max>
				</totalPriceRange>
				<countRange>
					<min>1</min>
					<max>10</max>
				</countRange>
			</li>
			<li Class="StockGenerator_Art">
				<countRange>
					<min>5</min>
					<max>10</max>
				</countRange>
			</li>
		</stockGenerators>
	</TraderKindDef>
	
	<!--========================= Slave Trader =============================-->

	<TraderKindDef>
		<defName>SlaveTrader</defName>
		<label>slave trader</label>
		<stockGenerators>
			<li Class="StockGenerator_SingleDef">
			<thingDef>Silver</thingDef>
			<countRange>
				<min>3000</min>
				<max>4000</max>
			</countRange>
			</li>
			<li Class="StockGenerator_Slaves">
				<countRange>
					<min>2</min>
					<max>3</max>
				</countRange>
			</li>
			<li Class="StockGenerator_WeaponsRanged">
			<!-- Just so he will buy -->
			</li>
			<li Class="StockGenerator_SingleDef">
				<thingDef>Medicine</thingDef>
				<price>Expensive</price>
				<countRange>
					<min>5</min>
					<max>15</max>
				</countRange>
			</li>
			<li Class="StockGenerator_Tag">
				<tradeTag>BodyPart</tradeTag>
				<thingDefCountRange>
					<min>-2</min>
					<max>2</max>
				</thingDefCountRange>
				<countRange>
					<min>1</min>
					<max>1</max>
				</countRange>
			</li>
		</stockGenerators>
	</TraderKindDef>

</DefPackage-TraderKindDef>