<?xml version="1.0" encoding="utf-8" ?>
<ResearchProjectDefs>

	<ResearchProjectDef>
	    <defName>RedistHeat_AirCirculation</defName>
	    <label>air circulation</label>
	    <description>Allows you to build active vents and smart duct outlets.</description>
	    <totalCost>300</totalCost>
	</ResearchProjectDef>

	<ResearchProjectDef>
	    <defName>RedistHeat_TemperatureControl</defName>
	    <label>temperature control</label>
	    <description>Allows you to build industrial temperature controller buildings.</description>
	    <totalCost>500</totalCost>
	</ResearchProjectDef>

</ResearchProjectDefs>